Workbook

Sheet Total Boardings (All Days)
A1: Total All Days Boardings by Station
I2: Fiscal Year 2010 | U2: Fiscal Year 2011 | AG2: Fiscal Year 2012 | AS2: Fiscal Year 2013 | BE2: Fiscal Year 2014 | BQ2: Fiscal Year 2015 | CC2: Fiscal Year 2016 | CO2: Fiscal Year 2017 | DA2: Fiscal Year 2018 | DM2: Fiscal Year 2019 | DY2: Fiscal Year 2020 | EK2: Fiscal Year 2021 | EW2: Fiscal Year 2022 | FI2: Fiscal Year 2023 | FU2: Fiscal Year 2024
B3: 39783 | C3: 39814 | D3: 39845 | E3: 39873 | F3: 39904 | G3: 39934 | H3: 39965 | I3: 39995 | J3: 40026 | K3: 40057 | L3: 40087 | M3: 40118 | N3: 40148 | O3: 40179 | P3: 40210 | Q3: 40238 | R3: 40269 | S3: 40299 | T3: 40330 | U3: 40360 | V3: 40391 | W3: 40422 | X3: 40452 | Y3: 40483 | Z3: 40513 | AA3: 40544 | AB3: 40575 | AC3: 40603 | AD3: 40634 | AE3: 40664 | AF3: 40695 | AG3: 40725 | AH3: 40756 | AI3: 40787 | AJ3: 40817 | AK3: 40848 | AL3: 40878 | AM3: 40909 | AN3: 40940 | AO3: 40969 | AP3: 41000 | AQ3: 41030 | AR3: 41061 | AS3: 41091 | AT3: 41122 | AU3: 41153 | AV3: 41183 | AW3: 41214 | AX3: 41244 | AY3: 41275 | AZ3: 41306 | BA3: 41334 | BB3: 41365 | BC3: 41395 | BD3: 41426 | BE3: 41456 | BF3: 41487 | BG3: 41518 | BH3: 41548 | BI3: 41579 | BJ3: 41609 | BK3: 41640 | BL3: 41671 | BM3: 41699 | BN3: 41730 | BO3: 41760 | BP3: 41791 | BQ3: 41821 | BR3: 41852 | BS3: 41883 | BT3: 41913 | BU3: 41944 | BV3: 41974 | BW3: 42005 | BX3: 42036 | BY3: 42064 | BZ3: 42095 | CA3: 42125 | CB3: 42156 | CC3: 42186 | CD3: 42217 | CE3: 42248 | CF3: 42278 | CG3: 42309 | CH3: 42339 | CI3: 42370 | CJ3: 42401 | CK3: 42430 | CL3: 42461 | CM3: 42491 | CN3: 42522 | CO3: 42552 | CP3: 42583 | CQ3: 42614 | CR3: 42644 | CS3: 42675 | CT3: 42705 | CU3: 42736 | CV3: 42767 | CW3: 42795 | CX3: 42826 | CY3: 42856 | CZ3: 42887 | DA3: 42917 | DB3: 42948 | DC3: 42979 | DD3: 43009 | DE3: 43040 | DF3: 43070 | DG3: 43101 | DH3: 43132 | DI3: 43160 | DJ3: 43191 | DK3: 43221 | DL3: 43252 | DM3: 43282 | DN3: 43313 | DO3: 43344 | DP3: 43374 | DQ3: 43405 | DR3: 43435 | DS3: 43466 | DT3: 43497 | DU3: 43525 | DV3: 43556 | DW3: 43586 | DX3: 43617 | DY3: 43647 | DZ3: 43678 | EA3: 43709 | EB3: 43739 | EC3: 43770 | ED3: 43800 | EE3: 43831 | EF3: 43862 | EG3: 43891 | EH3: 43922 | EI3: 43952 | EJ3: 43983 | EK3: 44013 | EL3: 44044 | EM3: 44075 | EN3: 44105 | EO3: 44136 | EP3: 44166 | EQ3: 44197 | ER3: 44228 | ES3: 44256 | ET3: 44287 | EU3: 44317 | EV3: 44348 | EW3: 44378 | EX3: 44409 | EY3: 44440 | EZ3: 44470 | FA3: 44501 | FB3: 44531 | FC3: 44562 | FD3: 44593 | FE3: 44621 | FF3: 44652 | FG3: 44682 | FH3: 44713 | FI3: 45130 | FJ3: 45161 | FK3: 45192 | FL3: 45222 | FM3: 45253 | FN3: 45283 | FO3: 44949 | FP3: 44980 | FQ3: 45008 | FR3: 45039 | FS3: 45069 | FT3: 45100 | FU3: 45130 | FV3: 45161 | FW3: 45192 | FX3: 45222 | FY3: 45253 | FZ3: 45283 | GA3: 45315 | GB3: 45345 | GC3: 45374 | GD3: 45405 | GE3: 45435 | GF3: 45466 | GG3: 45496 | GH3: 45527 | GI3: 45558 | GJ3: 45589 | GK3: 45621 | GL3: 45652
A4: Metro Parkway | GA4: 11083 | GB4: 44308 | GC4: 42866 | GD4: 43111 | GE4: 44473 | GF4: 39597 | GG4: 47415 | GH4: 48788 | GI4: 14386 | GJ4: 50614 | GK4: 41214 | GL4: 45889
A5: Mountain View/ 25th Ave | GA5: 723 | GB5: 3314 | GC5: 3567 | GD5: 3671 | GE5: 3053 | GF5: 3123 | GG5: 3590 | GH5: 4215 | GI5: 817 | GJ5: 4779 | GK5: 4450 | GL5: 4062
A6: 25th Ave/ Dunlap | GA6: 853 | GB6: 5212 | GC6: 5345 | GD6: 4747 | GE6: 4758 | GF6: 4921 | GG6: 5436 | GH6: 5803 | GI6: 1285 | GJ6: 6103 | GK6: 5663 | GL6: 5333
A7: 19th Ave/Dunlap | CK7: ='Total Weekday Boardings'!CK7+'Total Saturday Boardings'!CK7+'Total Sunday-Holiday Boardings'!CK7 -> 27298 | CL7: ='Total Weekday Boardings'!CL7+'Total Saturday Boardings'!CL7+'Total Sunday-Holiday Boardings'!CL7 -> 67999 | CM7: ='Total Weekday Boardings'!CM7+'Total Saturday Boardings'!CM7+'Total Sunday-Holiday Boardings'!CM7 -> 68443 | CN7: ='Total Weekday Boardings'!CN7+'Total Saturday Boardings'!CN7+'Total Sunday-Holiday Boardings'!CN7 -> 72729 | CO7: ='Total Weekday Boardings'!CO7+'Total Saturday Boardings'!CO7+'Total Sunday-Holiday Boardings'!CO7 -> 73104 | CP7: ='Total Weekday Boardings'!CP7+'Total Saturday Boardings'!CP7+'Total Sunday-Holiday Boardings'!CP7 -> 76486 | CQ7: ='Total Weekday Boardings'!CQ7+'Total Saturday Boardings'!CQ7+'Total Sunday-Holiday Boardings'!CQ7 -> 71411 | CR7: ='Total Weekday Boardings'!CR7+'Total Saturday Boardings'!CR7+'Total Sunday-Holiday Boardings'!CR7 -> 73609 | ... DX7: ='Total Weekday Boardings'!DX7+'Total Saturday Boardings'!DX7+'Total Sunday-Holiday Boardings'!DX7 -> 77369 | DY7: 80910 | DZ7: 83989 | EA7: 80707 | EB7: 83567 | EC7: 79743 | ED7: 82625 | EE7: 87424 | EF7: 84653 | EG7: 75943 | EH7: 53796 | EI7: 51399 | EJ7: 46702 | EK7: 46630 | EL7: 49579 | EM7: 46407 | EN7: 46740 | EO7: 44020 | EP7: 38128 | EQ7: 20398 | ER7: 40369 | ES7: 43711 | ET7: 43106 | EU7: 41041 | EV7: 42686 | EW7: 44020 | EX7: 44022 | EY7: 42411 | EZ7: 44274 | FA7: 42479 | FB7: 47653 | FC7: 45019 | FD7: 49644 | FE7: 54135 | FF7: 49501 | FG7: =SUM('Total Weekday Boardings'!FG7,'Total Saturday Boardings'!FG7,'Total Sunday-Holiday Boardings'!FG7) -> 49413 | FH7: =SUM('Total Weekday Boardings'!FH7,'Total Saturday Boardings'!FH7,'Total Sunday-Holiday Boardings'!FH7) -> 43940 | FI7: =SUM('Total Weekday Boardings'!FI7,'Total Saturday Boardings'!FI7,'Total Sunday-Holiday Boardings'!FI7) -> 48704 | FJ7: =SUM('Total Weekday Boardings'!FJ7,'Total Saturday Boardings'!FJ7,'Total Sunday-Holiday Boardings'!FJ7) -> 52082 | FK7: =SUM('Total Weekday Boardings'!FK7,'Total Saturday Boardings'!FK7,'Total Sunday-Holiday Boardings'!FK7) -> 55589.25 | FL7: =SUM('Total Weekday Boardings'!FL7,'Total Saturday Boardings'!FL7,'Total Sunday-Holiday Boardings'!FL7) -> 51752 | FM7: =SUM('Total Weekday Boardings'!FM7,'Total Saturday Boardings'!FM7,'Total Sunday-Holiday Boardings'!FM7) -> 46394 | FN7: =SUM('Total Weekday Boardings'!FN7,'Total Saturday Boardings'!FN7,'Total Sunday-Holiday Boardings'!FN7) -> 47045 | ... FT7: =SUM('Total Weekday Boardings'!FT7,'Total Saturday Boardings'!FT7,'Total Sunday-Holiday Boardings'!FT7) -> 48405 | FU7: 54856 | FV7: 59459 | FW7: 50005 | FX7: 58785 | FY7: 57620 | FZ7: 60197 | GA7: 60466 | GB7: 26228 | GC7: 29108 | GD7: 23807 | GE7: 23773 | GF7: 23027 | GG7: 23385 | GH7: 24467 | GI7: 65140 | GJ7: 23613 | GK7: 26113 | GL7: 21309
A8: Northern/19th Ave | CK8: ='Total Weekday Boardings'!CK8+'Total Saturday Boardings'!CK8+'Total Sunday-Holiday Boardings'!CK8 -> 10425 | CL8: ='Total Weekday Boardings'!CL8+'Total Saturday Boardings'!CL8+'Total Sunday-Holiday Boardings'!CL8 -> 27077 | CM8: ='Total Weekday Boardings'!CM8+'Total Saturday Boardings'!CM8+'Total Sunday-Holiday Boardings'!CM8 -> 28876 | CN8: ='Total Weekday Boardings'!CN8+'Total Saturday Boardings'!CN8+'Total Sunday-Holiday Boardings'!CN8 -> 28590 | CO8: ='Total Weekday Boardings'!CO8+'Total Saturday Boardings'!CO8+'Total Sunday-Holiday Boardings'!CO8 -> 29426 | CP8: ='Total Weekday Boardings'!CP8+'Total Saturday Boardings'!CP8+'Total Sunday-Holiday Boardings'!CP8 -> 31329 | CQ8: ='Total Weekday Boardings'!CQ8+'Total Saturday Boardings'!CQ8+'Total Sunday-Holiday Boardings'!CQ8 -> 29818 | CR8: ='Total Weekday Boardings'!CR8+'Total Saturday Boardings'!CR8+'Total Sunday-Holiday Boardings'!CR8 -> 31794 | ... DX8: ='Total Weekday Boardings'!DX8+'Total Saturday Boardings'!DX8+'Total Sunday-Holiday Boardings'!DX8 -> 29380 | DY8: 28882 | DZ8: 29945 | EA8: 29286 | EB8: 32968 | EC8: 31369 | ED8: 31623 | EE8: 32689 | EF8: 31753 | EG8: 27567 | EH8: 18000 | EI8: 18082 | EJ8: 16335 | EK8: 14825 | EL8: 15016 | EM8: 14790 | EN8: 15995 | EO8: 13923 | EP8: 12339 | EQ8: 7199 | ER8: 12432 | ES8: 14296 | ET8: 14715 | EU8: 13474 | EV8: 13571 | EW8: 13923 | EX8: 15314 | EY8: 14812 | EZ8: 16545 | FA8: 17228 | FB8: 17780 | FC8: 16091 | FD8: 18952 | FE8: 21921 | FF8: 19832 | FG8: =SUM('Total Weekday Boardings'!FG8,'Total Saturday Boardings'!FG8,'Total Sunday-Holiday Boardings'!FG8) -> 19944 | FH8: =SUM('Total Weekday Boardings'!FH8,'Total Saturday Boardings'!FH8,'Total Sunday-Holiday Boardings'!FH8) -> 15920 | FI8: =SUM('Total Weekday Boardings'!FI8,'Total Saturday Boardings'!FI8,'Total Sunday-Holiday Boardings'!FI8) -> 16779 | FJ8: =SUM('Total Weekday Boardings'!FJ8,'Total Saturday Boardings'!FJ8,'Total Sunday-Holiday Boardings'!FJ8) -> 18881 | FK8: =SUM('Total Weekday Boardings'!FK8,'Total Saturday Boardings'!FK8,'Total Sunday-Holiday Boardings'!FK8) -> 21040.75 | FL8: =SUM('Total Weekday Boardings'!FL8,'Total Saturday Boardings'!FL8,'Total Sunday-Holiday Boardings'!FL8) -> 21141 | FM8: =SUM('Total Weekday Boardings'!FM8,'Total Saturday Boardings'!FM8,'Total Sunday-Holiday Boardings'!FM8) -> 18709 | FN8: =SUM('Total Weekday Boardings'!FN8,'Total Saturday Boardings'!FN8,'Total Sunday-Holiday Boardings'!FN8) -> 19521 | ... FT8: =SUM('Total Weekday Boardings'!FT8,'Total Saturday Boardings'!FT8,'Total Sunday-Holiday Boardings'!FT8) -> 20667 | FU8: 21801 | FV8: 23482 | FW8: 21991 | FX8: 23223 | FY8: 21722 | FZ8: 20664 | GA8: 21426 | GB8: 21047 | GC8: 21478 | GD8: 19581 | GE8: 20179 | GF8: 18519 | GG8: 18478 | GH8: 20892 | GI8: 20599 | GJ8: 21171 | GK8: 19703 | GL8: 19767
A9: Glendale/19th Ave | CK9: ='Total Weekday Boardings'!CK9+'Total Saturday Boardings'!CK9+'Total Sunday-Holiday Boardings'!CK9 -> 13359 | CL9: ='Total Weekday Boardings'!CL9+'Total Saturday Boardings'!CL9+'Total Sunday-Holiday Boardings'!CL9 -> 35197 | CM9: ='Total Weekday Boardings'!CM9+'Total Saturday Boardings'!CM9+'Total Sunday-Holiday Boardings'!CM9 -> 37287 | CN9: ='Total Weekday Boardings'!CN9+'Total Saturday Boardings'!CN9+'Total Sunday-Holiday Boardings'!CN9 -> 36936 | CO9: ='Total Weekday Boardings'!CO9+'Total Saturday Boardings'!CO9+'Total Sunday-Holiday Boardings'!CO9 -> 38666 | CP9: ='Total Weekday Boardings'!CP9+'Total Saturday Boardings'!CP9+'Total Sunday-Holiday Boardings'!CP9 -> 41437 | CQ9: ='Total Weekday Boardings'!CQ9+'Total Saturday Boardings'!CQ9+'Total Sunday-Holiday Boardings'!CQ9 -> 40226 | CR9: ='Total Weekday Boardings'!CR9+'Total Saturday Boardings'!CR9+'Total Sunday-Holiday Boardings'!CR9 -> 42707 | ... DX9: ='Total Weekday Boardings'!DX9+'Total Saturday Boardings'!DX9+'Total Sunday-Holiday Boardings'!DX9 -> 34819 | DY9: 34729 | DZ9: 37346 | EA9: 37387 | EB9: 42082 | EC9: 40001 | ED9: 38108 | EE9: 39219 | EF9: 38257 | EG9: 33480 | EH9: 22623 | EI9: 21647 | EJ9: 19289 | EK9: 18479 | EL9: 18660 | EM9: 18930 | EN9: 21037 | EO9: 17082 | EP9: 15724 | EQ9: 9346 | ER9: 16330 | ES9: 18647 | ET9: 18813 | EU9: 17751 | EV9: 17017 | EW9: 17082 | EX9: 19138 | EY9: 19284 | EZ9: 21504 | FA9: 20691 | FB9: 21800 | FC9: 20486 | FD9: 23754 | FE9: 27253 | FF9: 25143 | FG9: =SUM('Total Weekday Boardings'!FG9,'Total Saturday Boardings'!FG9,'Total Sunday-Holiday Boardings'!FG9) -> 24541 | FH9: =SUM('Total Weekday Boardings'!FH9,'Total Saturday Boardings'!FH9,'Total Sunday-Holiday Boardings'!FH9) -> 20459 | FI9: =SUM('Total Weekday Boardings'!FI9,'Total Saturday Boardings'!FI9,'Total Sunday-Holiday Boardings'!FI9) -> 20842 | FJ9: =SUM('Total Weekday Boardings'!FJ9,'Total Saturday Boardings'!FJ9,'Total Sunday-Holiday Boardings'!FJ9) -> 25262 | FK9: =SUM('Total Weekday Boardings'!FK9,'Total Saturday Boardings'!FK9,'Total Sunday-Holiday Boardings'!FK9) -> 28210 | FL9: =SUM('Total Weekday Boardings'!FL9,'Total Saturday Boardings'!FL9,'Total Sunday-Holiday Boardings'!FL9) -> 27561 | FM9: =SUM('Total Weekday Boardings'!FM9,'Total Saturday Boardings'!FM9,'Total Sunday-Holiday Boardings'!FM9) -> 26105 | FN9: =SUM('Total Weekday Boardings'!FN9,'Total Saturday Boardings'!FN9,'Total Sunday-Holiday Boardings'!FN9) -> 26779 | ... FT9: =SUM('Total Weekday Boardings'!FT9,'Total Saturday Boardings'!FT9,'Total Sunday-Holiday Boardings'!FT9) -> 25882 | FU9: 26959 | FV9: 30591 | FW9: 28201 | FX9: 28462 | FY9: 27454 | FZ9: 27009 | GA9: 27023 | GB9: 25950 | GC9: 28048 | GD9: 25911 | GE9: 27133 | GF9: 24615 | GG9: 25213 | GH9: 24821 | GI9: 24440 | GJ9: 24608 | GK9: 23428 | GL9: 23084
A10: 19th Ave/Montebello | C10: ='Total Weekday Boardings'!C10+'Total Saturday Boardings'!C10+'Total Sunday-Holiday Boardings'!C10 -> 105501 | D10: ='Total Weekday Boardings'!D10+'Total Saturday Boardings'!D10+'Total Sunday-Holiday Boardings'!D10 -> 100135 | E10: ='Total Weekday Boardings'!E10+'Total Saturday Boardings'!E10+'Total Sunday-Holiday Boardings'!E10 -> 105219 | F10: ='Total Weekday Boardings'!F10+'Total Saturday Boardings'!F10+'Total Sunday-Holiday Boardings'!F10 -> 100192 | G10: ='Total Weekday Boardings'!G10+'Total Saturday Boardings'!G10+'Total Sunday-Holiday Boardings'!G10 -> 92987 | H10: ='Total Weekday Boardings'!H10+'Total Saturday Boardings'!H10+'Total Sunday-Holiday Boardings'!H10 -> 81670 | I10: ='Total Weekday Boardings'!I10+'Total Saturday Boardings'!I10+'Total Sunday-Holiday Boardings'!I10 -> 71978 | J10: ='Total Weekday Boardings'!J10+'Total Saturday Boardings'!J10+'Total Sunday-Holiday Boardings'!J10 -> 75508 | ... DX10: ='Total Weekday Boardings'!DX10+'Total Saturday Boardings'!DX10+'Total Sunday-Holiday Boardings'!DX10 -> 47070 | DY10: 45509 | DZ10: 53391 | EA10: 50087 | EB10: 55122 | EC10: 53001 | ED10: 51837 | EE10: 50588 | EF10: 50534 | EG10: 42815 | EH10: 27190 | EI10: 28417 | EJ10: 25730 | EK10: 23166 | EL10: 23162 | EM10: 23243 | EN10: 25257 | EO10: 22407 | EP10: 18730 | EQ10: 10970 | ER10: 19638 | ES10: 22774 | ET10: 25077 | EU10: 23079 | EV10: 21693 | EW10: 22407 | EX10: 24545 | EY10: 24840 | EZ10: 27698 | FA10: 28260 | FB10: 30447 | FC10: 27108 | FD10: 31452 | FE10: 37039 | FF10: 35588 | FG10: =SUM('Total Weekday Boardings'!FG10,'Total Saturday Boardings'!FG10,'Total Sunday-Holiday Boardings'!FG10) -> 34670 | FH10: =SUM('Total Weekday Boardings'!FH10,'Total Saturday Boardings'!FH10,'Total Sunday-Holiday Boardings'!FH10) -> 27208 | FI10: =SUM('Total Weekday Boardings'!FI10,'Total Saturday Boardings'!FI10,'Total Sunday-Holiday Boardings'!FI10) -> 28828 | FJ10: =SUM('Total Weekday Boardings'!FJ10,'Total Saturday Boardings'!FJ10,'Total Sunday-Holiday Boardings'!FJ10) -> 33956 | FK10: =SUM('Total Weekday Boardings'!FK10,'Total Saturday Boardings'!FK10,'Total Sunday-Holiday Boardings'!FK10) -> 38418.75 | FL10: =SUM('Total Weekday Boardings'!FL10,'Total Saturday Boardings'!FL10,'Total Sunday-Holiday Boardings'!FL10) -> 38591 | FM10: =SUM('Total Weekday Boardings'!FM10,'Total Saturday Boardings'!FM10,'Total Sunday-Holiday Boardings'!FM10) -> 35759 | FN10: =SUM('Total Weekday Boardings'!FN10,'Total Saturday Boardings'!FN10,'Total Sunday-Holiday Boardings'!FN10) -> 37366 | ... FT10: =SUM('Total Weekday Boardings'!FT10,'Total Saturday Boardings'!FT10,'Total Sunday-Holiday Boardings'!FT10) -> 33121 | FU10: 30699 | FV10: 34558 | FW10: 32673 | FX10: 34879 | FY10: 32080 | FZ10: 33062 | GA10: 32711 | GB10: 32619 | GC10: 33921 | GD10: 31658 | GE10: 32270 | GF10: 27983 | GG10: 27073 | GH10: 32159 | GI10: 31676 | GJ10: 32461 | GK10: 30599 | GL10: 30452
A11: 19th Ave/Camelback | C11: ='Total Weekday Boardings'!C11+'Total Saturday Boardings'!C11+'Total Sunday-Holiday Boardings'!C11 -> 23894 | D11: ='Total Weekday Boardings'!D11+'Total Saturday Boardings'!D11+'Total Sunday-Holiday Boardings'!D11 -> 26718 | E11: ='Total Weekday Boardings'!E11+'Total Saturday Boardings'!E11+'Total Sunday-Holiday Boardings'!E11 -> 28117 | F11: ='Total Weekday Boardings'!F11+'Total Saturday Boardings'!F11+'Total Sunday-Holiday Boardings'!F11 -> 31309 | G11: ='Total Weekday Boardings'!G11+'Total Saturday Boardings'!G11+'Total Sunday-Holiday Boardings'!G11 -> 28034 | H11: ='Total Weekday Boardings'!H11+'Total Saturday Boardings'!H11+'Total Sunday-Holiday Boardings'!H11 -> 28010 | I11: ='Total Weekday Boardings'!I11+'Total Saturday Boardings'!I11+'Total Sunday-Holiday Boardings'!I11 -> 29828 | J11: ='Total Weekday Boardings'!J11+'Total Saturday Boardings'!J11+'Total Sunday-Holiday Boardings'!J11 -> 33215 | ... DX11: ='Total Weekday Boardings'!DX11+'Total Saturday Boardings'!DX11+'Total Sunday-Holiday Boardings'!DX11 -> 44136 | DY11: 42949 | DZ11: 50078 | EA11: 50225 | EB11: 54803 | EC11: 50159 | ED11: 47624 | EE11: 49261 | EF11: 49403 | EG11: 38673 | EH11: 23224 | EI11: 23556 | EJ11: 21272 | EK11: 20358 | EL11: 21255 | EM11: 21425 | EN11: 23268 | EO11: 19724 | EP11: 16146 | EQ11: 9343 | ER11: 17391 | ES11: 20097 | ET11: 21747 | EU11: 20197 | EV11: 19778 | EW11: 19724 | EX11: 24101 | EY11: 23733 | EZ11: 24431 | FA11: 25885 | FB11: 26015 | FC11: 23735 | FD11: 27448 | FE11: 31476 | FF11: 29927 | FG11: =SUM('Total Weekday Boardings'!FG11,'Total Saturday Boardings'!FG11,'Total Sunday-Holiday Boardings'!FG11) -> 28174 | FH11: =SUM('Total Weekday Boardings'!FH11,'Total Saturday Boardings'!FH11,'Total Sunday-Holiday Boardings'!FH11) -> 22357 | FI11: =SUM('Total Weekday Boardings'!FI11,'Total Saturday Boardings'!FI11,'Total Sunday-Holiday Boardings'!FI11) -> 22997 | FJ11: =SUM('Total Weekday Boardings'!FJ11,'Total Saturday Boardings'!FJ11,'Total Sunday-Holiday Boardings'!FJ11) -> 28632 | FK11: =SUM('Total Weekday Boardings'!FK11,'Total Saturday Boardings'!FK11,'Total Sunday-Holiday Boardings'!FK11) -> 33111.5 | FL11: =SUM('Total Weekday Boardings'!FL11,'Total Saturday Boardings'!FL11,'Total Sunday-Holiday Boardings'!FL11) -> 32040 | FM11: =SUM('Total Weekday Boardings'!FM11,'Total Saturday Boardings'!FM11,'Total Sunday-Holiday Boardings'!FM11) -> 30146 | FN11: =SUM('Total Weekday Boardings'!FN11,'Total Saturday Boardings'!FN11,'Total Sunday-Holiday Boardings'!FN11) -> 30659 | ... FT11: =SUM('Total Weekday Boardings'!FT11,'Total Saturday Boardings'!FT11,'Total Sunday-Holiday Boardings'!FT11) -> 32360 | FU11: 31293 | FV11: 36079 | FW11: 33956 | FX11: 35443 | FY11: 33041 | FZ11: 32207 | GA11: 34558 | GB11: 34731 | GC11: 33960 | GD11: 31792 | GE11: 31577 | GF11: 27899 | GG11: 27826 | GH11: 33744 | GI11: 34342 | GJ11: 34562 | GK11: 32197 | GL11: 30487
A12: 7th Ave/Camelback | C12: ='Total Weekday Boardings'!C12+'Total Saturday Boardings'!C12+'Total Sunday-Holiday Boardings'!C12 -> 14536 | D12: ='Total Weekday Boardings'!D12+'Total Saturday Boardings'!D12+'Total Sunday-Holiday Boardings'!D12 -> 19165 | E12: ='Total Weekday Boardings'!E12+'Total Saturday Boardings'!E12+'Total Sunday-Holiday Boardings'!E12 -> 17225 | F12: ='Total Weekday Boardings'!F12+'Total Saturday Boardings'!F12+'Total Sunday-Holiday Boardings'!F12 -> 19240 | G12: ='Total Weekday Boardings'!G12+'Total Saturday Boardings'!G12+'Total Sunday-Holiday Boardings'!G12 -> 19308 | H12: ='Total Weekday Boardings'!H12+'Total Saturday Boardings'!H12+'Total Sunday-Holiday Boardings'!H12 -> 16860 | I12: ='Total Weekday Boardings'!I12+'Total Saturday Boardings'!I12+'Total Sunday-Holiday Boardings'!I12 -> 18462 | J12: ='Total Weekday Boardings'!J12+'Total Saturday Boardings'!J12+'Total Sunday-Holiday Boardings'!J12 -> 20535 | ... DX12: ='Total Weekday Boardings'!DX12+'Total Saturday Boardings'!DX12+'Total Sunday-Holiday Boardings'!DX12 -> 23616 | DY12: 23566 | DZ12: 26851 | EA12: 26671 | EB12: 27727 | EC12: 24428 | ED12: 23095 | EE12: 24818 | EF12: 23627 | EG12: 19074 | EH12: 12316 | EI12: 13121 | EJ12: 11094 | EK12: 10245 | EL12: 10580 | EM12: 10914 | EN12: 11345 | EO12: 10828 | EP12: 8358 | EQ12: 4613 | ER12: 8926 | ES12: 11152 | ET12: 12271 | EU12: 11203 | EV12: 11238 | EW12: 10828 | EX12: 13735 | EY12: 13910 | EZ12: 14094 | FA12: 15160 | FB12: 14521 | FC12: 13135 | FD12: 15136 | FE12: 18109 | FF12: 17044 | FG12: =SUM('Total Weekday Boardings'!FG12,'Total Saturday Boardings'!FG12,'Total Sunday-Holiday Boardings'!FG12) -> 16406 | FH12: =SUM('Total Weekday Boardings'!FH12,'Total Saturday Boardings'!FH12,'Total Sunday-Holiday Boardings'!FH12) -> 12764 | FI12: =SUM('Total Weekday Boardings'!FI12,'Total Saturday Boardings'!FI12,'Total Sunday-Holiday Boardings'!FI12) -> 13466 | FJ12: =SUM('Total Weekday Boardings'!FJ12,'Total Saturday Boardings'!FJ12,'Total Sunday-Holiday Boardings'!FJ12) -> 15963 | FK12: =SUM('Total Weekday Boardings'!FK12,'Total Saturday Boardings'!FK12,'Total Sunday-Holiday Boardings'!FK12) -> 17713 | FL12: =SUM('Total Weekday Boardings'!FL12,'Total Saturday Boardings'!FL12,'Total Sunday-Holiday Boardings'!FL12) -> 16727 | FM12: =SUM('Total Weekday Boardings'!FM12,'Total Saturday Boardings'!FM12,'Total Sunday-Holiday Boardings'!FM12) -> 15793 | FN12: =SUM('Total Weekday Boardings'!FN12,'Total Saturday Boardings'!FN12,'Total Sunday-Holiday Boardings'!FN12) -> 15501 | ... FT12: =SUM('Total Weekday Boardings'!FT12,'Total Saturday Boardings'!FT12,'Total Sunday-Holiday Boardings'!FT12) -> 16330 | FU12: 15727 | FV12: 18504 | FW12: 18148 | FX12: 19503 | FY12: 17671 | FZ12: 16736 | GA12: 18803 | GB12: 18834 | GC12: 18807 | GD12: 18448 | GE12: 17954 | GF12: 15430 | GG12: 14748 | GH12: 17845 | GI12: 17670 | GJ12: 16891 | GK12: 15918 | GL12: 16167
A13: Central Ave/Camelback | C13: ='Total Weekday Boardings'!C13+'Total Saturday Boardings'!C13+'Total Sunday-Holiday Boardings'!C13 -> 24091 | D13: ='Total Weekday Boardings'!D13+'Total Saturday Boardings'!D13+'Total Sunday-Holiday Boardings'!D13 -> 20320 | E13: ='Total Weekday Boardings'!E13+'Total Saturday Boardings'!E13+'Total Sunday-Holiday Boardings'!E13 -> 17061 | F13: ='Total Weekday Boardings'!F13+'Total Saturday Boardings'!F13+'Total Sunday-Holiday Boardings'!F13 -> 16820 | G13: ='Total Weekday Boardings'!G13+'Total Saturday Boardings'!G13+'Total Sunday-Holiday Boardings'!G13 -> 14184 | H13: ='Total Weekday Boardings'!H13+'Total Saturday Boardings'!H13+'Total Sunday-Holiday Boardings'!H13 -> 11599 | I13: ='Total Weekday Boardings'!I13+'Total Saturday Boardings'!I13+'Total Sunday-Holiday Boardings'!I13 -> 11373 | J13: ='Total Weekday Boardings'!J13+'Total Saturday Boardings'!J13+'Total Sunday-Holiday Boardings'!J13 -> 11477 | ... DX13: ='Total Weekday Boardings'!DX13+'Total Saturday Boardings'!DX13+'Total Sunday-Holiday Boardings'!DX13 -> 20614 | DY13: 18647 | DZ13: 21470 | EA13: 21851 | EB13: 23143 | EC13: 22344 | ED13: 20808 | EE13: 21017 | EF13: 20822 | EG13: 15024 | EH13: 7821 | EI13: 8013 | EJ13: 7735 | EK13: 7392 | EL13: 7680 | EM13: 7870 | EN13: 8830 | EO13: 8929 | EP13: 6594 | EQ13: 3833 | ER13: 7050 | ES13: 8595 | ET13: 9507 | EU13: 8977 | EV13: 9074 | EW13: 8929 | EX13: 10101 | EY13: 9754 | EZ13: 10804 | FA13: 11525 | FB13: 12378 | FC13: 9974 | FD13: 11607 | FE13: 14713 | FF13: 13623 | FG13: =SUM('Total Weekday Boardings'!FG13,'Total Saturday Boardings'!FG13,'Total Sunday-Holiday Boardings'!FG13) -> 13333 | FH13: =SUM('Total Weekday Boardings'!FH13,'Total Saturday Boardings'!FH13,'Total Sunday-Holiday Boardings'!FH13) -> 9635 | FI13: =SUM('Total Weekday Boardings'!FI13,'Total Saturday Boardings'!FI13,'Total Sunday-Holiday Boardings'!FI13) -> 10506 | FJ13: =SUM('Total Weekday Boardings'!FJ13,'Total Saturday Boardings'!FJ13,'Total Sunday-Holiday Boardings'!FJ13) -> 11149 | FK13: =SUM('Total Weekday Boardings'!FK13,'Total Saturday Boardings'!FK13,'Total Sunday-Holiday Boardings'!FK13) -> 12627.25 | FL13: =SUM('Total Weekday Boardings'!FL13,'Total Saturday Boardings'!FL13,'Total Sunday-Holiday Boardings'!FL13) -> 12935 | FM13: =SUM('Total Weekday Boardings'!FM13,'Total Saturday Boardings'!FM13,'Total Sunday-Holiday Boardings'!FM13) -> 12847 | FN13: =SUM('Total Weekday Boardings'!FN13,'Total Saturday Boardings'!FN13,'Total Sunday-Holiday Boardings'!FN13) -> 12986 | ... FT13: =SUM('Total Weekday Boardings'!FT13,'Total Saturday Boardings'!FT13,'Total Sunday-Holiday Boardings'!FT13) -> 13809 | FU13: 13224 | FV13: 14477 | FW13: 13980 | FX13: 17233 | FY13: 14333 | FZ13: 15497 | GA13: 14766 | GB13: 15051 | GC13: 15327 | GD13: 14932 | GE13: 14211 | GF13: 12542 | GG13: 12118 | GH13: 13054 | GI13: 13550 | GJ13: 13436 | GK13: 13361 | GL13: 13944
A14: Campbell/Central Ave | C14: ='Total Weekday Boardings'!C14+'Total Saturday Boardings'!C14+'Total Sunday-Holiday Boardings'!C14 -> 16279 | D14: ='Total Weekday Boardings'!D14+'Total Saturday Boardings'!D14+'Total Sunday-Holiday Boardings'!D14 -> 21604 | E14: ='Total Weekday Boardings'!E14+'Total Saturday Boardings'!E14+'Total Sunday-Holiday Boardings'!E14 -> 19583 | F14: ='Total Weekday Boardings'!F14+'Total Saturday Boardings'!F14+'Total Sunday-Holiday Boardings'!F14 -> 22885 | G14: ='Total Weekday Boardings'!G14+'Total Saturday Boardings'!G14+'Total Sunday-Holiday Boardings'!G14 -> 15669 | H14: ='Total Weekday Boardings'!H14+'Total Saturday Boardings'!H14+'Total Sunday-Holiday Boardings'!H14 -> 9305 | I14: ='Total Weekday Boardings'!I14+'Total Saturday Boardings'!I14+'Total Sunday-Holiday Boardings'!I14 -> 13790 | J14: ='Total Weekday Boardings'!J14+'Total Saturday Boardings'!J14+'Total Sunday-Holiday Boardings'!J14 -> 13758 | ... DX14: ='Total Weekday Boardings'!DX14+'Total Saturday Boardings'!DX14+'Total Sunday-Holiday Boardings'!DX14 -> 14233 | DY14: 11134 | DZ14: 26783 | EA14: 27555 | EB14: 27243 | EC14: 25439 | ED14: 21513 | EE14: 25994 | EF14: 24186 | EG14: 12110 | EH14: 4368 | EI14: 4946 | EJ14: 4416 | EK14: 4176 | EL14: 4654 | EM14: 5034 | EN14: 5789 | EO14: 5377 | EP14: 4067 | EQ14: 2279 | ER14: 4073 | ES14: 6060 | ET14: 10416 | EU14: 8185 | EV14: 6754 | EW14: 5377 | EX14: 16540 | EY14: 16549 | EZ14: 14221 | FA14: 15261 | FB14: 11497 | FC14: 11959 | FD14: 14618 | FE14: 16546 | FF14: 15065 | FG14: =SUM('Total Weekday Boardings'!FG14,'Total Saturday Boardings'!FG14,'Total Sunday-Holiday Boardings'!FG14) -> 13211 | FH14: =SUM('Total Weekday Boardings'!FH14,'Total Saturday Boardings'!FH14,'Total Sunday-Holiday Boardings'!FH14) -> 6439 | FI14: =SUM('Total Weekday Boardings'!FI14,'Total Saturday Boardings'!FI14,'Total Sunday-Holiday Boardings'!FI14) -> 5061 | FJ14: =SUM('Total Weekday Boardings'!FJ14,'Total Saturday Boardings'!FJ14,'Total Sunday-Holiday Boardings'!FJ14) -> 13285 | FK14: =SUM('Total Weekday Boardings'!FK14,'Total Saturday Boardings'!FK14,'Total Sunday-Holiday Boardings'!FK14) -> 15405.5 | FL14: =SUM('Total Weekday Boardings'!FL14,'Total Saturday Boardings'!FL14,'Total Sunday-Holiday Boardings'!FL14) -> 13494 | FM14: =SUM('Total Weekday Boardings'!FM14,'Total Saturday Boardings'!FM14,'Total Sunday-Holiday Boardings'!FM14) -> 14149 | FN14: =SUM('Total Weekday Boardings'!FN14,'Total Saturday Boardings'!FN14,'Total Sunday-Holiday Boardings'!FN14) -> 11906 | ... FT14: =SUM('Total Weekday Boardings'!FT14,'Total Saturday Boardings'!FT14,'Total Sunday-Holiday Boardings'!FT14) -> 8429 | FU14: 6293 | FV14: 14053 | FW14: 15336 | FX14: 14921 | FY14: 16268 | FZ14: 12901 | GA14: 14589 | GB14: 16568 | GC14: 13785 | GD14: 15559 | GE14: 14143 | GF14: 7465 | GG14: 6106 | GH14: 16677 | GI14: 16602 | GJ14: 15353 | GK14: 15777 | GL14: 13347
A15: Indian School/Central Ave | C15: ='Total Weekday Boardings'!C15+'Total Saturday Boardings'!C15+'Total Sunday-Holiday Boardings'!C15 -> 28791 | D15: ='Total Weekday Boardings'!D15+'Total Saturday Boardings'!D15+'Total Sunday-Holiday Boardings'!D15 -> 32042 | E15: ='Total Weekday Boardings'!E15+'Total Saturday Boardings'!E15+'Total Sunday-Holiday Boardings'!E15 -> 32721 | F15: ='Total Weekday Boardings'!F15+'Total Saturday Boardings'!F15+'Total Sunday-Holiday Boardings'!F15 -> 38658 | G15: ='Total Weekday Boardings'!G15+'Total Saturday Boardings'!G15+'Total Sunday-Holiday Boardings'!G15 -> 32875 | H15: ='Total Weekday Boardings'!H15+'Total Saturday Boardings'!H15+'Total Sunday-Holiday Boardings'!H15 -> 25212 | I15: ='Total Weekday Boardings'!I15+'Total Saturday Boardings'!I15+'Total Sunday-Holiday Boardings'!I15 -> 32429 | J15: ='Total Weekday Boardings'!J15+'Total Saturday Boardings'!J15+'Total Sunday-Holiday Boardings'!J15 -> 34528 | ... DX15: ='Total Weekday Boardings'!DX15+'Total Saturday Boardings'!DX15+'Total Sunday-Holiday Boardings'!DX15 -> 33288 | DY15: 33560 | DZ15: 37004 | EA15: 36559 | EB15: 40946 | EC15: 37386 | ED15: 35104 | EE15: 37348 | EF15: 38657 | EG15: 29728 | EH15: 17128 | EI15: 16868 | EJ15: 15885 | EK15: 15001 | EL15: 14818 | EM15: 16029 | EN15: 16566 | EO15: 14548 | EP15: 11503 | EQ15: 6623 | ER15: 12395 | ES15: 14408 | ET15: 15771 | EU15: 14435 | EV15: 14796 | EW15: 14548 | EX15: 16840 | EY15: 16988 | EZ15: 18634 | FA15: 20285 | FB15: 18347 | FC15: 16511 | FD15: 19280 | FE15: 22876 | FF15: 21141 | FG15: =SUM('Total Weekday Boardings'!FG15,'Total Saturday Boardings'!FG15,'Total Sunday-Holiday Boardings'!FG15) -> 19841 | FH15: =SUM('Total Weekday Boardings'!FH15,'Total Saturday Boardings'!FH15,'Total Sunday-Holiday Boardings'!FH15) -> 15945 | FI15: =SUM('Total Weekday Boardings'!FI15,'Total Saturday Boardings'!FI15,'Total Sunday-Holiday Boardings'!FI15) -> 16161 | FJ15: =SUM('Total Weekday Boardings'!FJ15,'Total Saturday Boardings'!FJ15,'Total Sunday-Holiday Boardings'!FJ15) -> 18101 | FK15: =SUM('Total Weekday Boardings'!FK15,'Total Saturday Boardings'!FK15,'Total Sunday-Holiday Boardings'!FK15) -> 21218 | FL15: =SUM('Total Weekday Boardings'!FL15,'Total Saturday Boardings'!FL15,'Total Sunday-Holiday Boardings'!FL15) -> 22712 | FM15: =SUM('Total Weekday Boardings'!FM15,'Total Saturday Boardings'!FM15,'Total Sunday-Holiday Boardings'!FM15) -> 19152 | FN15: =SUM('Total Weekday Boardings'!FN15,'Total Saturday Boardings'!FN15,'Total Sunday-Holiday Boardings'!FN15) -> 19063 | ... FT15: =SUM('Total Weekday Boardings'!FT15,'Total Saturday Boardings'!FT15,'Total Sunday-Holiday Boardings'!FT15) -> 20765 | FU15: 21788 | FV15: 24170 | FW15: 21912 | FX15: 25526 | FY15: 22907 | FZ15: 22537 | GA15: 23649 | GB15: 26201 | GC15: 26961 | GD15: 24458 | GE15: 24439 | GF15: 21572 | GG15: 22946 | GH15: 23660 | GI15: 23233 | GJ15: 25244 | GK15: 21798 | GL15: 21314
A16: Osborn/Central Ave | C16: ='Total Weekday Boardings'!C16+'Total Saturday Boardings'!C16+'Total Sunday-Holiday Boardings'!C16 -> 21932 | D16: ='Total Weekday Boardings'!D16+'Total Saturday Boardings'!D16+'Total Sunday-Holiday Boardings'!D16 -> 22713 | E16: ='Total Weekday Boardings'!E16+'Total Saturday Boardings'!E16+'Total Sunday-Holiday Boardings'!E16 -> 22446 | F16: ='Total Weekday Boardings'!F16+'Total Saturday Boardings'!F16+'Total Sunday-Holiday Boardings'!F16 -> 23329 | G16: ='Total Weekday Boardings'!G16+'Total Saturday Boardings'!G16+'Total Sunday-Holiday Boardings'!G16 -> 21887 | H16: ='Total Weekday Boardings'!H16+'Total Saturday Boardings'!H16+'Total Sunday-Holiday Boardings'!H16 -> 17069 | I16: ='Total Weekday Boardings'!I16+'Total Saturday Boardings'!I16+'Total Sunday-Holiday Boardings'!I16 -> 17823 | J16: ='Total Weekday Boardings'!J16+'Total Saturday Boardings'!J16+'Total Sunday-Holiday Boardings'!J16 -> 20423 | ... DX16: ='Total Weekday Boardings'!DX16+'Total Saturday Boardings'!DX16+'Total Sunday-Holiday Boardings'!DX16 -> 21000 | DY16: 20660 | DZ16: 22731 | EA16: 22990 | EB16: 24941 | EC16: 22447 | ED16: 21195 | EE16: 21862 | EF16: 22049 | EG16: 17391 | EH16: 10353 | EI16: 11105 | EJ16: 10467 | EK16: 10316 | EL16: 10156 | EM16: 10163 | EN16: 10358 | EO16: 9859 | EP16: 7286 | EQ16: 4002 | ER16: 7871 | ES16: 9231 | ET16: 10040 | EU16: 9705 | EV16: 9936 | EW16: 9859 | EX16: 10979 | EY16: 10204 | EZ16: 10509 | FA16: 10819 | FB16: 10835 | FC16: 9779 | FD16: 10620 | FE16: 12618 | FF16: 12161 | FG16: =SUM('Total Weekday Boardings'!FG16,'Total Saturday Boardings'!FG16,'Total Sunday-Holiday Boardings'!FG16) -> 11895 | FH16: =SUM('Total Weekday Boardings'!FH16,'Total Saturday Boardings'!FH16,'Total Sunday-Holiday Boardings'!FH16) -> 9667 | FI16: =SUM('Total Weekday Boardings'!FI16,'Total Saturday Boardings'!FI16,'Total Sunday-Holiday Boardings'!FI16) -> 9426 | FJ16: =SUM('Total Weekday Boardings'!FJ16,'Total Saturday Boardings'!FJ16,'Total Sunday-Holiday Boardings'!FJ16) -> 10460 | FK16: =SUM('Total Weekday Boardings'!FK16,'Total Saturday Boardings'!FK16,'Total Sunday-Holiday Boardings'!FK16) -> 11203.75 | FL16: =SUM('Total Weekday Boardings'!FL16,'Total Saturday Boardings'!FL16,'Total Sunday-Holiday Boardings'!FL16) -> 11371 | FM16: =SUM('Total Weekday Boardings'!FM16,'Total Saturday Boardings'!FM16,'Total Sunday-Holiday Boardings'!FM16) -> 10647 | FN16: =SUM('Total Weekday Boardings'!FN16,'Total Saturday Boardings'!FN16,'Total Sunday-Holiday Boardings'!FN16) -> 10534 | ... FT16: =SUM('Total Weekday Boardings'!FT16,'Total Saturday Boardings'!FT16,'Total Sunday-Holiday Boardings'!FT16) -> 13091 | FU16: 13125 | FV16: 13923 | FW16: 11971 | FX16: 13410 | FY16: 12488 | FZ16: 12805 | GA16: 13866 | GB16: 13438 | GC16: 13735 | GD16: 13281 | GE16: 13526 | GF16: 12513 | GG16: 12695 | GH16: 13989 | GI16: 13213 | GJ16: 13987 | GK16: 12955 | GL16: 12269
A17: Thomas/Central Ave | C17: ='Total Weekday Boardings'!C17+'Total Saturday Boardings'!C17+'Total Sunday-Holiday Boardings'!C17 -> 30405 | D17: ='Total Weekday Boardings'!D17+'Total Saturday Boardings'!D17+'Total Sunday-Holiday Boardings'!D17 -> 35455 | E17: ='Total Weekday Boardings'!E17+'Total Saturday Boardings'!E17+'Total Sunday-Holiday Boardings'!E17 -> 34801 | F17: ='Total Weekday Boardings'!F17+'Total Saturday Boardings'!F17+'Total Sunday-Holiday Boardings'!F17 -> 37805 | G17: ='Total Weekday Boardings'!G17+'Total Saturday Boardings'!G17+'Total Sunday-Holiday Boardings'!G17 -> 35396 | H17: ='Total Weekday Boardings'!H17+'Total Saturday Boardings'!H17+'Total Sunday-Holiday Boardings'!H17 -> 33424 | I17: ='Total Weekday Boardings'!I17+'Total Saturday Boardings'!I17+'Total Sunday-Holiday Boardings'!I17 -> 32186 | J17: ='Total Weekday Boardings'!J17+'Total Saturday Boardings'!J17+'Total Sunday-Holiday Boardings'!J17 -> 35040 | ... DX17: ='Total Weekday Boardings'!DX17+'Total Saturday Boardings'!DX17+'Total Sunday-Holiday Boardings'!DX17 -> 37369 | DY17: 35890 | DZ17: 41945 | EA17: 40448 | EB17: 43561 | EC17: 40415 | ED17: 36302 | EE17: 38586 | EF17: 39159 | EG17: 29949 | EH17: 16843 | EI17: 16659 | EJ17: 16688 | EK17: 14877 | EL17: 15388 | EM17: 15479 | EN17: 16730 | EO17: 17266 | EP17: 11996 | EQ17: 6604 | ER17: 13046 | ES17: 15318 | ET17: 17284 | EU17: 16233 | EV17: 17110 | EW17: 17266 | EX17: 19821 | EY17: 19514 | EZ17: 20388 | FA17: 20906 | FB17: 20078 | FC17: 18429 | FD17: 21365 | FE17: 26247 | FF17: 24853 | FG17: =SUM('Total Weekday Boardings'!FG17,'Total Saturday Boardings'!FG17,'Total Sunday-Holiday Boardings'!FG17) -> 22203 | FH17: =SUM('Total Weekday Boardings'!FH17,'Total Saturday Boardings'!FH17,'Total Sunday-Holiday Boardings'!FH17) -> 17315 | FI17: =SUM('Total Weekday Boardings'!FI17,'Total Saturday Boardings'!FI17,'Total Sunday-Holiday Boardings'!FI17) -> 18371 | FJ17: =SUM('Total Weekday Boardings'!FJ17,'Total Saturday Boardings'!FJ17,'Total Sunday-Holiday Boardings'!FJ17) -> 21175 | FK17: =SUM('Total Weekday Boardings'!FK17,'Total Saturday Boardings'!FK17,'Total Sunday-Holiday Boardings'!FK17) -> 22856.25 | FL17: =SUM('Total Weekday Boardings'!FL17,'Total Saturday Boardings'!FL17,'Total Sunday-Holiday Boardings'!FL17) -> 23058 | FM17: =SUM('Total Weekday Boardings'!FM17,'Total Saturday Boardings'!FM17,'Total Sunday-Holiday Boardings'!FM17) -> 21454 | FN17: =SUM('Total Weekday Boardings'!FN17,'Total Saturday Boardings'!FN17,'Total Sunday-Holiday Boardings'!FN17) -> 20659 | ... FT17: =SUM('Total Weekday Boardings'!FT17,'Total Saturday Boardings'!FT17,'Total Sunday-Holiday Boardings'!FT17) -> 24081 | FU17: 21771 | FV17: 24113 | FW17: 23384 | FX17: 26710 | FY17: 24634 | FZ17: 23450 | GA17: 25874 | GB17: 26931 | GC17: 27739 | GD17: 26991 | GE17: 27393 | GF17: 24332 | GG17: 24045 | GH17: 26956 | GI17: 26786 | GJ17: 27730 | GK17: 24314 | GL17: 22597
A18: Encanto/Central Ave | C18: ='Total Weekday Boardings'!C18+'Total Saturday Boardings'!C18+'Total Sunday-Holiday Boardings'!C18 -> 12729 | D18: ='Total Weekday Boardings'!D18+'Total Saturday Boardings'!D18+'Total Sunday-Holiday Boardings'!D18 -> 15187 | E18: ='Total Weekday Boardings'!E18+'Total Saturday Boardings'!E18+'Total Sunday-Holiday Boardings'!E18 -> 17572 | F18: ='Total Weekday Boardings'!F18+'Total Saturday Boardings'!F18+'Total Sunday-Holiday Boardings'!F18 -> 15762 | G18: ='Total Weekday Boardings'!G18+'Total Saturday Boardings'!G18+'Total Sunday-Holiday Boardings'!G18 -> 13224 | H18: ='Total Weekday Boardings'!H18+'Total Saturday Boardings'!H18+'Total Sunday-Holiday Boardings'!H18 -> 11865 | I18: ='Total Weekday Boardings'!I18+'Total Saturday Boardings'!I18+'Total Sunday-Holiday Boardings'!I18 -> 11153 | J18: ='Total Weekday Boardings'!J18+'Total Saturday Boardings'!J18+'Total Sunday-Holiday Boardings'!J18 -> 12601 | ... DX18: ='Total Weekday Boardings'!DX18+'Total Saturday Boardings'!DX18+'Total Sunday-Holiday Boardings'!DX18 -> 11986 | DY18: 11123 | DZ18: 13006 | EA18: 12507 | EB18: 14143 | EC18: 13812 | ED18: 12262 | EE18: 13467 | EF18: 13684 | EG18: 10637 | EH18: 5100 | EI18: 5398 | EJ18: 4829 | EK18: 4799 | EL18: 4928 | EM18: 5462 | EN18: 5704 | EO18: 5770 | EP18: 4312 | EQ18: 2473 | ER18: 4470 | ES18: 5536 | ET18: 6140 | EU18: 5507 | EV18: 5815 | EW18: 5770 | EX18: 6434 | EY18: 5962 | EZ18: 6350 | FA18: 6840 | FB18: 6648 | FC18: 5490 | FD18: 6505 | FE18: 8966 | FF18: 7385 | FG18: =SUM('Total Weekday Boardings'!FG18,'Total Saturday Boardings'!FG18,'Total Sunday-Holiday Boardings'!FG18) -> 6895 | FH18: =SUM('Total Weekday Boardings'!FH18,'Total Saturday Boardings'!FH18,'Total Sunday-Holiday Boardings'!FH18) -> 5452 | FI18: =SUM('Total Weekday Boardings'!FI18,'Total Saturday Boardings'!FI18,'Total Sunday-Holiday Boardings'!FI18) -> 5349 | FJ18: =SUM('Total Weekday Boardings'!FJ18,'Total Saturday Boardings'!FJ18,'Total Sunday-Holiday Boardings'!FJ18) -> 6342 | FK18: =SUM('Total Weekday Boardings'!FK18,'Total Saturday Boardings'!FK18,'Total Sunday-Holiday Boardings'!FK18) -> 6657.5 | FL18: =SUM('Total Weekday Boardings'!FL18,'Total Saturday Boardings'!FL18,'Total Sunday-Holiday Boardings'!FL18) -> 6562 | FM18: =SUM('Total Weekday Boardings'!FM18,'Total Saturday Boardings'!FM18,'Total Sunday-Holiday Boardings'!FM18) -> 6329 | FN18: =SUM('Total Weekday Boardings'!FN18,'Total Saturday Boardings'!FN18,'Total Sunday-Holiday Boardings'!FN18) -> 6313 | ... FT18: =SUM('Total Weekday Boardings'!FT18,'Total Saturday Boardings'!FT18,'Total Sunday-Holiday Boardings'!FT18) -> 7584 | FU18: 6739 | FV18: 7242 | FW18: 7282 | FX18: 9095 | FY18: 7979 | FZ18: 7757 | GA18: 8201 | GB18: 8652 | GC18: 9547 | GD18: 8506 | GE18: 7946 | GF18: 7393 | GG18: 7209 | GH18: 7908 | GI18: 8225 | GJ18: 8783 | GK18: 7926 | GL18: 7346
A19: McDowell/Central Ave | C19: ='Total Weekday Boardings'!C19+'Total Saturday Boardings'!C19+'Total Sunday-Holiday Boardings'!C19 -> 35951 | D19: ='Total Weekday Boardings'!D19+'Total Saturday Boardings'!D19+'Total Sunday-Holiday Boardings'!D19 -> 40693 | E19: ='Total Weekday Boardings'!E19+'Total Saturday Boardings'!E19+'Total Sunday-Holiday Boardings'!E19 -> 37506 | F19: ='Total Weekday Boardings'!F19+'Total Saturday Boardings'!F19+'Total Sunday-Holiday Boardings'!F19 -> 29292 | G19: ='Total Weekday Boardings'!G19+'Total Saturday Boardings'!G19+'Total Sunday-Holiday Boardings'!G19 -> 41376 | H19: ='Total Weekday Boardings'!H19+'Total Saturday Boardings'!H19+'Total Sunday-Holiday Boardings'!H19 -> 31923 | I19: ='Total Weekday Boardings'!I19+'Total Saturday Boardings'!I19+'Total Sunday-Holiday Boardings'!I19 -> 39523 | J19: ='Total Weekday Boardings'!J19+'Total Saturday Boardings'!J19+'Total Sunday-Holiday Boardings'!J19 -> 46240 | ... DX19: ='Total Weekday Boardings'!DX19+'Total Saturday Boardings'!DX19+'Total Sunday-Holiday Boardings'!DX19 -> 39712 | DY19: 38501 | DZ19: 42943 | EA19: 43655 | EB19: 47587 | EC19: 42077 | ED19: 38341 | EE19: 41951 | EF19: 41532 | EG19: 30183 | EH19: 14821 | EI19: 14989 | EJ19: 14500 | EK19: 12798 | EL19: 13387 | EM19: 13570 | EN19: 14905 | EO19: 16620 | EP19: 10641 | EQ19: 6134 | ER19: 12447 | ES19: 16094 | ET19: 14547 | EU19: 14341 | EV19: 15909 | EW19: 16620 | EX19: 19066 | EY19: 19492 | EZ19: 20873 | FA19: 20764 | FB19: 20094 | FC19: 18069 | FD19: 21603 | FE19: 25998 | FF19: 24276 | FG19: =SUM('Total Weekday Boardings'!FG19,'Total Saturday Boardings'!FG19,'Total Sunday-Holiday Boardings'!FG19) -> 22549 | FH19: =SUM('Total Weekday Boardings'!FH19,'Total Saturday Boardings'!FH19,'Total Sunday-Holiday Boardings'!FH19) -> 18463 | FI19: =SUM('Total Weekday Boardings'!FI19,'Total Saturday Boardings'!FI19,'Total Sunday-Holiday Boardings'!FI19) -> 19370 | FJ19: =SUM('Total Weekday Boardings'!FJ19,'Total Saturday Boardings'!FJ19,'Total Sunday-Holiday Boardings'!FJ19) -> 22160 | FK19: =SUM('Total Weekday Boardings'!FK19,'Total Saturday Boardings'!FK19,'Total Sunday-Holiday Boardings'!FK19) -> 23589 | FL19: =SUM('Total Weekday Boardings'!FL19,'Total Saturday Boardings'!FL19,'Total Sunday-Holiday Boardings'!FL19) -> 24132 | FM19: =SUM('Total Weekday Boardings'!FM19,'Total Saturday Boardings'!FM19,'Total Sunday-Holiday Boardings'!FM19) -> 21479 | FN19: =SUM('Total Weekday Boardings'!FN19,'Total Saturday Boardings'!FN19,'Total Sunday-Holiday Boardings'!FN19) -> 21524 | ... FT19: =SUM('Total Weekday Boardings'!FT19,'Total Saturday Boardings'!FT19,'Total Sunday-Holiday Boardings'!FT19) -> 24706 | FU19: 23825 | FV19: 26265 | FW19: 25314 | FX19: 28279 | FY19: 25334 | FZ19: 24173 | GA19: 26786 | GB19: 28326 | GC19: 29525 | GD19: 29857 | GE19: 29271 | GF19: 29424 | GG19: 30337 | GH19: 32127 | GI19: 31109 | GJ19: 29470 | GK19: 24838 | GL19: 23703
A20: Roosevelt/Central Ave | C20: ='Total Weekday Boardings'!C20+'Total Saturday Boardings'!C20+'Total Sunday-Holiday Boardings'!C20 -> 18837 | D20: ='Total Weekday Boardings'!D20+'Total Saturday Boardings'!D20+'Total Sunday-Holiday Boardings'!D20 -> 33356 | E20: ='Total Weekday Boardings'!E20+'Total Saturday Boardings'!E20+'Total Sunday-Holiday Boardings'!E20 -> 39638 | F20: ='Total Weekday Boardings'!F20+'Total Saturday Boardings'!F20+'Total Sunday-Holiday Boardings'!F20 -> 46434 | G20: ='Total Weekday Boardings'!G20+'Total Saturday Boardings'!G20+'Total Sunday-Holiday Boardings'!G20 -> 35686 | H20: ='Total Weekday Boardings'!H20+'Total Saturday Boardings'!H20+'Total Sunday-Holiday Boardings'!H20 -> 38323 | I20: ='Total Weekday Boardings'!I20+'Total Saturday Boardings'!I20+'Total Sunday-Holiday Boardings'!I20 -> 45232 | J20: ='Total Weekday Boardings'!J20+'Total Saturday Boardings'!J20+'Total Sunday-Holiday Boardings'!J20 -> 52972 | ... DX20: ='Total Weekday Boardings'!DX20+'Total Saturday Boardings'!DX20+'Total Sunday-Holiday Boardings'!DX20 -> 23649 | DY20: 21663 | DZ20: 24752 | EA20: 24525 | EB20: 26826 | EC20: 26230 | ED20: 23766 | EE20: 26463 | EF20: 26185 | EG20: 21500 | EH20: 10665 | EI20: 11159 | EJ20: 9911 | EK20: 9365 | EL20: 10033 | EM20: 10441 | EN20: 11253 | EO20: 12425 | EP20: 8647 | EQ20: 4782 | ER20: 9147 | ES20: 10989 | ET20: 11793 | EU20: 11909 | EV20: 12384 | EW20: 12425 | EX20: 13678 | EY20: 13638 | EZ20: 15033 | FA20: 14471 | FB20: 14730 | FC20: 12902 | FD20: 15867 | FE20: 21059 | FF20: 23478 | FG20: =SUM('Total Weekday Boardings'!FG20,'Total Saturday Boardings'!FG20,'Total Sunday-Holiday Boardings'!FG20) -> 22103 | FH20: =SUM('Total Weekday Boardings'!FH20,'Total Saturday Boardings'!FH20,'Total Sunday-Holiday Boardings'!FH20) -> 15019 | FI20: =SUM('Total Weekday Boardings'!FI20,'Total Saturday Boardings'!FI20,'Total Sunday-Holiday Boardings'!FI20) -> 13462 | FJ20: =SUM('Total Weekday Boardings'!FJ20,'Total Saturday Boardings'!FJ20,'Total Sunday-Holiday Boardings'!FJ20) -> 15035 | FK20: =SUM('Total Weekday Boardings'!FK20,'Total Saturday Boardings'!FK20,'Total Sunday-Holiday Boardings'!FK20) -> 16842.75 | FL20: =SUM('Total Weekday Boardings'!FL20,'Total Saturday Boardings'!FL20,'Total Sunday-Holiday Boardings'!FL20) -> 16903 | FM20: =SUM('Total Weekday Boardings'!FM20,'Total Saturday Boardings'!FM20,'Total Sunday-Holiday Boardings'!FM20) -> 15718 | FN20: =SUM('Total Weekday Boardings'!FN20,'Total Saturday Boardings'!FN20,'Total Sunday-Holiday Boardings'!FN20) -> 15318 | ... FT20: =SUM('Total Weekday Boardings'!FT20,'Total Saturday Boardings'!FT20,'Total Sunday-Holiday Boardings'!FT20) -> 17986 | FU20: 16937 | FV20: 17628 | FW20: 17565 | FX20: 21342 | FY20: 19758 | FZ20: 19175 | GA20: 21501 | GB20: 20788 | GC20: 22413 | GD20: 24080 | GE20: 20357 | GF20: 19149 | GG20: 19115 | GH20: 20231 | GI20: 20054 | GJ20: 19959 | GK20: 18832 | GL20: 17279
A21: WB Van Buren/Central Ave | C21: ='Total Weekday Boardings'!C21+'Total Saturday Boardings'!C21+'Total Sunday-Holiday Boardings'!C21 -> 31903 | D21: ='Total Weekday Boardings'!D21+'Total Saturday Boardings'!D21+'Total Sunday-Holiday Boardings'!D21 -> 34623 | E21: ='Total Weekday Boardings'!E21+'Total Saturday Boardings'!E21+'Total Sunday-Holiday Boardings'!E21 -> 35357 | F21: ='Total Weekday Boardings'!F21+'Total Saturday Boardings'!F21+'Total Sunday-Holiday Boardings'!F21 -> 37488 | G21: ='Total Weekday Boardings'!G21+'Total Saturday Boardings'!G21+'Total Sunday-Holiday Boardings'!G21 -> 29496 | H21: ='Total Weekday Boardings'!H21+'Total Saturday Boardings'!H21+'Total Sunday-Holiday Boardings'!H21 -> 33290 | I21: ='Total Weekday Boardings'!I21+'Total Saturday Boardings'!I21+'Total Sunday-Holiday Boardings'!I21 -> 28068 | J21: ='Total Weekday Boardings'!J21+'Total Saturday Boardings'!J21+'Total Sunday-Holiday Boardings'!J21 -> 30392 | ... DX21: ='Total Weekday Boardings'!DX21+'Total Saturday Boardings'!DX21+'Total Sunday-Holiday Boardings'!DX21 -> 43128 | DY21: 43093 | DZ21: 50295 | EA21: 50908 | EB21: 53610 | EC21: 47009 | ED21: 40634 | EE21: 43981 | EF21: 43975 | EG21: 34190 | EH21: 19448 | EI21: 18846 | EJ21: 16917 | EK21: 16709 | EL21: 17543 | EM21: 17269 | EN21: 18711 | EO21: 16375 | EP21: 11615 | EQ21: 7243 | ER21: 6754 | ES21: 17256 | ET21: 16557 | EU21: 15806 | EV21: 16230 | EW21: 16375 | EX21: 19949 | EY21: 21026 | EZ21: 20905 | FA21: 20946 | FB21: 19416 | FC21: 18155 | FD21: 21499 | FE21: 25283 | FF21: 13421 | FG21: =SUM('Total Weekday Boardings'!FG21,'Total Saturday Boardings'!FG21,'Total Sunday-Holiday Boardings'!FG21) -> 18627 | FH21: =SUM('Total Weekday Boardings'!FH21,'Total Saturday Boardings'!FH21,'Total Sunday-Holiday Boardings'!FH21) -> 26579 | FI21: =SUM('Total Weekday Boardings'!FI21,'Total Saturday Boardings'!FI21,'Total Sunday-Holiday Boardings'!FI21) -> 17188 | FJ21: =SUM('Total Weekday Boardings'!FJ21,'Total Saturday Boardings'!FJ21,'Total Sunday-Holiday Boardings'!FJ21) -> 13898 | FK21: =SUM('Total Weekday Boardings'!FK21,'Total Saturday Boardings'!FK21,'Total Sunday-Holiday Boardings'!FK21) -> 16836.25 | FL21: =SUM('Total Weekday Boardings'!FL21,'Total Saturday Boardings'!FL21,'Total Sunday-Holiday Boardings'!FL21) -> 15716 | FM21: =SUM('Total Weekday Boardings'!FM21,'Total Saturday Boardings'!FM21,'Total Sunday-Holiday Boardings'!FM21) -> 14357 | FN21: =SUM('Total Weekday Boardings'!FN21,'Total Saturday Boardings'!FN21,'Total Sunday-Holiday Boardings'!FN21) -> 12026 | ... FT21: =SUM('Total Weekday Boardings'!FT21,'Total Saturday Boardings'!FT21,'Total Sunday-Holiday Boardings'!FT21) -> 13545 | FU21: 12952 | FV21: 22893 | FW21: 16057 | FX21: 17021 | FY21: 15847 | FZ21: 13341 | GA21: 13640 | GB21: 16281 | GC21: 15536 | GD21: 15125 | GE21: 14489 | GF21: 13063 | GG21: 13605 | GH21: 15869 | GI21: 16323 | GJ21: 16668 | GK21: 14679 | GL21: 12725
... A32: 44th St/Washington | C32: ='Total Weekday Boardings'!C32+'Total Saturday Boardings'!C32+'Total Sunday-Holiday Boardings'!C32 -> 36769 | D32: ='Total Weekday Boardings'!D32+'Total Saturday Boardings'!D32+'Total Sunday-Holiday Boardings'!D32 -> 41256 | E32: ='Total Weekday Boardings'!E32+'Total Saturday Boardings'!E32+'Total Sunday-Holiday Boardings'!E32 -> 39575 | F32: ='Total Weekday Boardings'!F32+'Total Saturday Boardings'!F32+'Total Sunday-Holiday Boardings'!F32 -> 47196 | G32: ='Total Weekday Boardings'!G32+'Total Saturday Boardings'!G32+'Total Sunday-Holiday Boardings'!G32 -> 37040 | H32: ='Total Weekday Boardings'!H32+'Total Saturday Boardings'!H32+'Total Sunday-Holiday Boardings'!H32 -> 43722 | I32: ='Total Weekday Boardings'!I32+'Total Saturday Boardings'!I32+'Total Sunday-Holiday Boardings'!I32 -> 35407 | J32: ='Total Weekday Boardings'!J32+'Total Saturday Boardings'!J32+'Total Sunday-Holiday Boardings'!J32 -> 39974 | ... DX32: ='Total Weekday Boardings'!DX32+'Total Saturday Boardings'!DX32+'Total Sunday-Holiday Boardings'!DX32 -> 50448 | DY32: 51534 | DZ32: 57692 | EA32: 51479 | EB32: 54947 | EC32: 51206 | ED32: 51321 | EE32: 52707 | EF32: 51645 | EG32: 41844 | EH32: 22947 | EI32: 22233 | EJ32: 21490 | EK32: 22419 | EL32: 23657 | EM32: 22795 | EN32: 24458 | EO32: 27239 | EP32: 18226 | EQ32: 10674 | ER32: 19270 | ES32: 24536 | ET32: 24240 | EU32: 24222 | EV32: 26195 | EW32: 27239 | EX32: 26452 | EY32: 26320 | EZ32: 29655 | FA32: 30719 | FB32: 30744 | FC32: 27328 | FD32: 30581 | FE32: 38267 | FF32: 33486 | FG32: =SUM('Total Weekday Boardings'!FG32,'Total Saturday Boardings'!FG32,'Total Sunday-Holiday Boardings'!FG32) -> 29600 | FH32: =SUM('Total Weekday Boardings'!FH32,'Total Saturday Boardings'!FH32,'Total Sunday-Holiday Boardings'!FH32) -> 24033 | FI32: =SUM('Total Weekday Boardings'!FI32,'Total Saturday Boardings'!FI32,'Total Sunday-Holiday Boardings'!FI32) -> 26944 | FJ32: =SUM('Total Weekday Boardings'!FJ32,'Total Saturday Boardings'!FJ32,'Total Sunday-Holiday Boardings'!FJ32) -> 27866 | FK32: =SUM('Total Weekday Boardings'!FK32,'Total Saturday Boardings'!FK32,'Total Sunday-Holiday Boardings'!FK32) -> 30072.5 | FL32: =SUM('Total Weekday Boardings'!FL32,'Total Saturday Boardings'!FL32,'Total Sunday-Holiday Boardings'!FL32) -> 31261 | FM32: =SUM('Total Weekday Boardings'!FM32,'Total Saturday Boardings'!FM32,'Total Sunday-Holiday Boardings'!FM32) -> 29317 | FN32: =SUM('Total Weekday Boardings'!FN32,'Total Saturday Boardings'!FN32,'Total Sunday-Holiday Boardings'!FN32) -> 29387 | ... FT32: =SUM('Total Weekday Boardings'!FT32,'Total Saturday Boardings'!FT32,'Total Sunday-Holiday Boardings'!FT32) -> 32505 | FU32: 32329 | FV32: 32944 | FW32: 32417 | FX32: 37786 | FY32: 34672 | FZ32: 36258 | GA32: 36800 | GB32: 36278 | GC32: 39287 | GD32: 36066 | GE32: 37790 | GF32: 37062 | GG32: 34977 | GH32: 35839 | GI32: 35457 | GJ32: 36527 | GK32: 35825 | GL32: 34225
A33: 50th St/Washington | DW33: ='Total Weekday Boardings'!DW33+'Total Saturday Boardings'!DW33+'Total Sunday-Holiday Boardings'!DW33 -> 6766 | DX33: ='Total Weekday Boardings'!DX33+'Total Saturday Boardings'!DX33+'Total Sunday-Holiday Boardings'!DX33 -> 6637 | DY33: 7444 | DZ33: 7744 | EA33: 8058 | EB33: 11386 | EC33: 11866 | ED33: 12760 | EE33: 12746 | EF33: 11510 | EG33: 9881 | EH33: 6633 | EI33: 6856 | EJ33: 6926 | EK33: 7089 | EL33: 6473 | EM33: 6448 | EN33: 7517 | EO33: 6568 | EP33: 4298 | EQ33: 3130 | ER33: 5520 | ES33: 4754 | ET33: 29342 | EU33: 5841 | EV33: 6149 | EW33: 6568 | EX33: 6962 | EY33: 6543 | EZ33: 6980 | FA33: 6711 | FB33: 6739 | FC33: 6129 | FD33: 6750 | FE33: 8424 | FF33: 7908 | FG33: =SUM('Total Weekday Boardings'!FG33,'Total Saturday Boardings'!FG33,'Total Sunday-Holiday Boardings'!FG33) -> 19677 | FH33: =SUM('Total Weekday Boardings'!FH33,'Total Saturday Boardings'!FH33,'Total Sunday-Holiday Boardings'!FH33) -> 6356 | FI33: =SUM('Total Weekday Boardings'!FI33,'Total Saturday Boardings'!FI33,'Total Sunday-Holiday Boardings'!FI33) -> 6620 | FJ33: =SUM('Total Weekday Boardings'!FJ33,'Total Saturday Boardings'!FJ33,'Total Sunday-Holiday Boardings'!FJ33) -> 6973 | FK33: =SUM('Total Weekday Boardings'!FK33,'Total Saturday Boardings'!FK33,'Total Sunday-Holiday Boardings'!FK33) -> 7693 | FL33: =SUM('Total Weekday Boardings'!FL33,'Total Saturday Boardings'!FL33,'Total Sunday-Holiday Boardings'!FL33) -> 7392 | FM33: =SUM('Total Weekday Boardings'!FM33,'Total Saturday Boardings'!FM33,'Total Sunday-Holiday Boardings'!FM33) -> 7009 | FN33: =SUM('Total Weekday Boardings'!FN33,'Total Saturday Boardings'!FN33,'Total Sunday-Holiday Boardings'!FN33) -> 7205 | ... FT33: =SUM('Total Weekday Boardings'!FT33,'Total Saturday Boardings'!FT33,'Total Sunday-Holiday Boardings'!FT33) -> 8694 | FU33: 8203 | FV33: 8723 | FW33: 8009 | FX33: 8522 | FY33: 7716 | FZ33: 7484 | GA33: 8660 | GB33: 8313 | GC33: 8602 | GD33: 8318 | GE33: 8361 | GF33: 7220 | GG33: 7244 | GH33: 7634 | GI33: 7936 | GJ33: 8652 | GK33: 10131 | GL33: 9642
A34: Priest Dr/Washington St | C34: ='Total Weekday Boardings'!C34+'Total Saturday Boardings'!C34+'Total Sunday-Holiday Boardings'!C34 -> 35088 | D34: ='Total Weekday Boardings'!D34+'Total Saturday Boardings'!D34+'Total Sunday-Holiday Boardings'!D34 -> 28484 | E34: ='Total Weekday Boardings'!E34+'Total Saturday Boardings'!E34+'Total Sunday-Holiday Boardings'!E34 -> 30207 | F34: ='Total Weekday Boardings'!F34+'Total Saturday Boardings'!F34+'Total Sunday-Holiday Boardings'!F34 -> 37992 | G34: ='Total Weekday Boardings'!G34+'Total Saturday Boardings'!G34+'Total Sunday-Holiday Boardings'!G34 -> 38863 | H34: ='Total Weekday Boardings'!H34+'Total Saturday Boardings'!H34+'Total Sunday-Holiday Boardings'!H34 -> 25864 | I34: ='Total Weekday Boardings'!I34+'Total Saturday Boardings'!I34+'Total Sunday-Holiday Boardings'!I34 -> 30723 | J34: ='Total Weekday Boardings'!J34+'Total Saturday Boardings'!J34+'Total Sunday-Holiday Boardings'!J34 -> 34128 | ... DX34: ='Total Weekday Boardings'!DX34+'Total Saturday Boardings'!DX34+'Total Sunday-Holiday Boardings'!DX34 -> 26389 | DY34: 26248 | DZ34: 28165 | EA34: 27877 | EB34: 32436 | EC34: 30753 | ED34: 27812 | EE34: 28010 | EF34: 28589 | EG34: 24397 | EH34: 15170 | EI34: 13965 | EJ34: 12460 | EK34: 12167 | EL34: 13064 | EM34: 12833 | EN34: 14643 | EO34: 13007 | EP34: 10697 | EQ34: 6133 | ER34: 11511 | ES34: 12942 | ET34: 13192 | EU34: 12292 | EV34: 12636 | EW34: 13007 | EX34: 13416 | EY34: 13900 | EZ34: 14325 | FA34: 14467 | FB34: 13935 | FC34: 12831 | FD34: 14681 | FE34: 17162 | FF34: 15593 | FG34: =SUM('Total Weekday Boardings'!FG34,'Total Saturday Boardings'!FG34,'Total Sunday-Holiday Boardings'!FG34) -> 14359 | FH34: =SUM('Total Weekday Boardings'!FH34,'Total Saturday Boardings'!FH34,'Total Sunday-Holiday Boardings'!FH34) -> 12063 | FI34: =SUM('Total Weekday Boardings'!FI34,'Total Saturday Boardings'!FI34,'Total Sunday-Holiday Boardings'!FI34) -> 13368 | FJ34: =SUM('Total Weekday Boardings'!FJ34,'Total Saturday Boardings'!FJ34,'Total Sunday-Holiday Boardings'!FJ34) -> 13407 | FK34: =SUM('Total Weekday Boardings'!FK34,'Total Saturday Boardings'!FK34,'Total Sunday-Holiday Boardings'!FK34) -> 14407.25 | FL34: =SUM('Total Weekday Boardings'!FL34,'Total Saturday Boardings'!FL34,'Total Sunday-Holiday Boardings'!FL34) -> 14944 | FM34: =SUM('Total Weekday Boardings'!FM34,'Total Saturday Boardings'!FM34,'Total Sunday-Holiday Boardings'!FM34) -> 14667 | FN34: =SUM('Total Weekday Boardings'!FN34,'Total Saturday Boardings'!FN34,'Total Sunday-Holiday Boardings'!FN34) -> 14796 | ... FT34: =SUM('Total Weekday Boardings'!FT34,'Total Saturday Boardings'!FT34,'Total Sunday-Holiday Boardings'!FT34) -> 17386 | FU34: 17362 | FV34: 18798 | FW34: 17011 | FX34: 19757 | FY34: 18219 | FZ34: 18586 | GA34: 18923 | GB34: 17890 | GC34: 19026 | GD34: 17802 | GE34: 16473 | GF34: 15419 | GG34: 16123 | GH34: 16749 | GI34: 16212 | GJ34: 16829 | GK34: 15107 | GL34: 13572
A35: Center Pkwy/Washington St | C35: ='Total Weekday Boardings'!C35+'Total Saturday Boardings'!C35+'Total Sunday-Holiday Boardings'!C35 -> 9513 | D35: ='Total Weekday Boardings'!D35+'Total Saturday Boardings'!D35+'Total Sunday-Holiday Boardings'!D35 -> 9300 | E35: ='Total Weekday Boardings'!E35+'Total Saturday Boardings'!E35+'Total Sunday-Holiday Boardings'!E35 -> 6722 | F35: ='Total Weekday Boardings'!F35+'Total Saturday Boardings'!F35+'Total Sunday-Holiday Boardings'!F35 -> 4835 | G35: ='Total Weekday Boardings'!G35+'Total Saturday Boardings'!G35+'Total Sunday-Holiday Boardings'!G35 -> 8110 | H35: ='Total Weekday Boardings'!H35+'Total Saturday Boardings'!H35+'Total Sunday-Holiday Boardings'!H35 -> 7026 | I35: ='Total Weekday Boardings'!I35+'Total Saturday Boardings'!I35+'Total Sunday-Holiday Boardings'!I35 -> 7625 | J35: ='Total Weekday Boardings'!J35+'Total Saturday Boardings'!J35+'Total Sunday-Holiday Boardings'!J35 -> 6903 | ... DX35: ='Total Weekday Boardings'!DX35+'Total Saturday Boardings'!DX35+'Total Sunday-Holiday Boardings'!DX35 -> 6179 | DY35: 5940 | DZ35: 9252 | EA35: 7058 | EB35: 8533 | EC35: 8579 | ED35: 7283 | EE35: 7710 | EF35: 8114 | EG35: 6683 | EH35: 4350 | EI35: 5003 | EJ35: 4265 | EK35: 3783 | EL35: 4124 | EM35: 4407 | EN35: 4654 | EO35: 3964 | EP35: 3978 | EQ35: 2272 | ER35: 3760 | ES35: 4581 | ET35: 4335 | EU35: 3503 | EV35: 3859 | EW35: 3964 | EX35: 4303 | EY35: 4926 | EZ35: 5129 | FA35: 4739 | FB35: 4217 | FC35: 4151 | FD35: 4507 | FE35: 5879 | FF35: 5723 | FG35: =SUM('Total Weekday Boardings'!FG35,'Total Saturday Boardings'!FG35,'Total Sunday-Holiday Boardings'!FG35) -> 5083 | FH35: =SUM('Total Weekday Boardings'!FH35,'Total Saturday Boardings'!FH35,'Total Sunday-Holiday Boardings'!FH35) -> 3563 | FI35: =SUM('Total Weekday Boardings'!FI35,'Total Saturday Boardings'!FI35,'Total Sunday-Holiday Boardings'!FI35) -> 4058 | FJ35: =SUM('Total Weekday Boardings'!FJ35,'Total Saturday Boardings'!FJ35,'Total Sunday-Holiday Boardings'!FJ35) -> 4695 | FK35: =SUM('Total Weekday Boardings'!FK35,'Total Saturday Boardings'!FK35,'Total Sunday-Holiday Boardings'!FK35) -> 5774 | FL35: =SUM('Total Weekday Boardings'!FL35,'Total Saturday Boardings'!FL35,'Total Sunday-Holiday Boardings'!FL35) -> 5052 | FM35: =SUM('Total Weekday Boardings'!FM35,'Total Saturday Boardings'!FM35,'Total Sunday-Holiday Boardings'!FM35) -> 4747 | FN35: =SUM('Total Weekday Boardings'!FN35,'Total Saturday Boardings'!FN35,'Total Sunday-Holiday Boardings'!FN35) -> 4588 | ... FT35: =SUM('Total Weekday Boardings'!FT35,'Total Saturday Boardings'!FT35,'Total Sunday-Holiday Boardings'!FT35) -> 5252 | FU35: 4630 | FV35: 5714 | FW35: 5331 | FX35: 6411 | FY35: 5782 | FZ35: 5022 | GA35: 5852 | GB35: 5740 | GC35: 5747 | GD35: 5013 | GE35: 4932 | GF35: 4447 | GG35: 4995 | GH35: 5455 | GI35: 5468 | GJ35: 5587 | GK35: 6067 | GL35: 4483
A36: Mill Ave/Third St | C36: ='Total Weekday Boardings'!C36+'Total Saturday Boardings'!C36+'Total Sunday-Holiday Boardings'!C36 -> 62413 | D36: ='Total Weekday Boardings'!D36+'Total Saturday Boardings'!D36+'Total Sunday-Holiday Boardings'!D36 -> 49107 | E36: ='Total Weekday Boardings'!E36+'Total Saturday Boardings'!E36+'Total Sunday-Holiday Boardings'!E36 -> 68850 | F36: ='Total Weekday Boardings'!F36+'Total Saturday Boardings'!F36+'Total Sunday-Holiday Boardings'!F36 -> 59256 | G36: ='Total Weekday Boardings'!G36+'Total Saturday Boardings'!G36+'Total Sunday-Holiday Boardings'!G36 -> 44086 | H36: ='Total Weekday Boardings'!H36+'Total Saturday Boardings'!H36+'Total Sunday-Holiday Boardings'!H36 -> 38245 | I36: ='Total Weekday Boardings'!I36+'Total Saturday Boardings'!I36+'Total Sunday-Holiday Boardings'!I36 -> 42163 | J36: ='Total Weekday Boardings'!J36+'Total Saturday Boardings'!J36+'Total Sunday-Holiday Boardings'!J36 -> 41115 | ... DX36: ='Total Weekday Boardings'!DX36+'Total Saturday Boardings'!DX36+'Total Sunday-Holiday Boardings'!DX36 -> 28095 | DY36: 28365 | DZ36: 28199 | EA36: 29573 | EB36: 37062 | EC36: 34869 | ED36: 31972 | EE36: 32526 | EF36: 31971 | EG36: 24359 | EH36: 12195 | EI36: 13113 | EJ36: 12352 | EK36: 10692 | EL36: 11381 | EM36: 12315 | EN36: 13412 | EO36: 14389 | EP36: 9492 | EQ36: 5802 | ER36: 11249 | ES36: 14232 | ET36: 14665 | EU36: 14157 | EV36: 14270 | EW36: 14389 | EX36: 14472 | EY36: 15546 | EZ36: 17367 | FA36: 17750 | FB36: 19287 | FC36: 16019 | FD36: 19764 | FE36: 25703 | FF36: 21186 | FG36: =SUM('Total Weekday Boardings'!FG36,'Total Saturday Boardings'!FG36,'Total Sunday-Holiday Boardings'!FG36) -> 16656 | FH36: =SUM('Total Weekday Boardings'!FH36,'Total Saturday Boardings'!FH36,'Total Sunday-Holiday Boardings'!FH36) -> 15282 | FI36: =SUM('Total Weekday Boardings'!FI36,'Total Saturday Boardings'!FI36,'Total Sunday-Holiday Boardings'!FI36) -> 16308 | FJ36: =SUM('Total Weekday Boardings'!FJ36,'Total Saturday Boardings'!FJ36,'Total Sunday-Holiday Boardings'!FJ36) -> 17771 | FK36: =SUM('Total Weekday Boardings'!FK36,'Total Saturday Boardings'!FK36,'Total Sunday-Holiday Boardings'!FK36) -> 20663.25 | FL36: =SUM('Total Weekday Boardings'!FL36,'Total Saturday Boardings'!FL36,'Total Sunday-Holiday Boardings'!FL36) -> 21112 | FM36: =SUM('Total Weekday Boardings'!FM36,'Total Saturday Boardings'!FM36,'Total Sunday-Holiday Boardings'!FM36) -> 18788 | FN36: =SUM('Total Weekday Boardings'!FN36,'Total Saturday Boardings'!FN36,'Total Sunday-Holiday Boardings'!FN36) -> 18771 | ... FT36: =SUM('Total Weekday Boardings'!FT36,'Total Saturday Boardings'!FT36,'Total Sunday-Holiday Boardings'!FT36) -> 16697 | FU36: 16022 | FV36: 17458 | FW36: 18834 | FX36: 22341 | FY36: 19156 | FZ36: 20687 | GA36: 20105 | GB36: 19249 | GC36: 26268 | GD36: 20748 | GE36: 19428 | GF36: 15899 | GG36: 17024 | GH36: 17706 | GI36: 19082 | GJ36: 19341 | GK36: 19188 | GL36: 19069
A37: Veterans Way/College Ave | C37: ='Total Weekday Boardings'!C37+'Total Saturday Boardings'!C37+'Total Sunday-Holiday Boardings'!C37 -> 45679 | D37: ='Total Weekday Boardings'!D37+'Total Saturday Boardings'!D37+'Total Sunday-Holiday Boardings'!D37 -> 41153 | E37: ='Total Weekday Boardings'!E37+'Total Saturday Boardings'!E37+'Total Sunday-Holiday Boardings'!E37 -> 49282 | F37: ='Total Weekday Boardings'!F37+'Total Saturday Boardings'!F37+'Total Sunday-Holiday Boardings'!F37 -> 47041 | G37: ='Total Weekday Boardings'!G37+'Total Saturday Boardings'!G37+'Total Sunday-Holiday Boardings'!G37 -> 32402 | H37: ='Total Weekday Boardings'!H37+'Total Saturday Boardings'!H37+'Total Sunday-Holiday Boardings'!H37 -> 32657 | I37: ='Total Weekday Boardings'!I37+'Total Saturday Boardings'!I37+'Total Sunday-Holiday Boardings'!I37 -> 28077 | J37: ='Total Weekday Boardings'!J37+'Total Saturday Boardings'!J37+'Total Sunday-Holiday Boardings'!J37 -> 37038 | ... DX37: ='Total Weekday Boardings'!DX37+'Total Saturday Boardings'!DX37+'Total Sunday-Holiday Boardings'!DX37 -> 32972 | DY37: 34028 | DZ37: 45607 | EA37: 53554 | EB37: 54282 | EC37: 56313 | ED37: 40552 | EE37: 44661 | EF37: 45747 | EG37: 31894 | EH37: 18598 | EI37: 18784 | EJ37: 18683 | EK37: 18047 | EL37: 18324 | EM37: 18899 | EN37: 20132 | EO37: 15196 | EP37: 13930 | EQ37: 8474 | ER37: 15874 | ES37: 18013 | ET37: 18121 | EU37: 14918 | EV37: 15038 | EW37: 15196 | EX37: 20280 | EY37: 29199 | EZ37: 27389 | FA37: 27112 | FB37: 19050 | FC37: 19232 | FD37: 23183 | FE37: 26882 | FF37: 26928 | FG37: =SUM('Total Weekday Boardings'!FG37,'Total Saturday Boardings'!FG37,'Total Sunday-Holiday Boardings'!FG37) -> 21372 | FH37: =SUM('Total Weekday Boardings'!FH37,'Total Saturday Boardings'!FH37,'Total Sunday-Holiday Boardings'!FH37) -> 16015 | FI37: =SUM('Total Weekday Boardings'!FI37,'Total Saturday Boardings'!FI37,'Total Sunday-Holiday Boardings'!FI37) -> 16846 | FJ37: =SUM('Total Weekday Boardings'!FJ37,'Total Saturday Boardings'!FJ37,'Total Sunday-Holiday Boardings'!FJ37) -> 22384 | FK37: =SUM('Total Weekday Boardings'!FK37,'Total Saturday Boardings'!FK37,'Total Sunday-Holiday Boardings'!FK37) -> 31532.5 | FL37: =SUM('Total Weekday Boardings'!FL37,'Total Saturday Boardings'!FL37,'Total Sunday-Holiday Boardings'!FL37) -> 25869 | FM37: =SUM('Total Weekday Boardings'!FM37,'Total Saturday Boardings'!FM37,'Total Sunday-Holiday Boardings'!FM37) -> 26769 | FN37: =SUM('Total Weekday Boardings'!FN37,'Total Saturday Boardings'!FN37,'Total Sunday-Holiday Boardings'!FN37) -> 20175 | ... FT37: =SUM('Total Weekday Boardings'!FT37,'Total Saturday Boardings'!FT37,'Total Sunday-Holiday Boardings'!FT37) -> 18519 | FU37: 17869 | FV37: 28062 | FW37: 29970 | FX37: 30806 | FY37: 29986 | FZ37: 20533 | GA37: 26330 | GB37: 48723 | GC37: 26979 | GD37: 25980 | GE37: 39640 | GF37: 20977 | GG37: 18332 | GH37: 24730 | GI37: 27208 | GJ37: 31640 | GK37: 29044 | GL37: 20943
A38: University Dr/Rural | C38: ='Total Weekday Boardings'!C38+'Total Saturday Boardings'!C38+'Total Sunday-Holiday Boardings'!C38 -> 46098 | D38: ='Total Weekday Boardings'!D38+'Total Saturday Boardings'!D38+'Total Sunday-Holiday Boardings'!D38 -> 43875 | E38: ='Total Weekday Boardings'!E38+'Total Saturday Boardings'!E38+'Total Sunday-Holiday Boardings'!E38 -> 48295 | F38: ='Total Weekday Boardings'!F38+'Total Saturday Boardings'!F38+'Total Sunday-Holiday Boardings'!F38 -> 52641 | G38: ='Total Weekday Boardings'!G38+'Total Saturday Boardings'!G38+'Total Sunday-Holiday Boardings'!G38 -> 32495 | H38: ='Total Weekday Boardings'!H38+'Total Saturday Boardings'!H38+'Total Sunday-Holiday Boardings'!H38 -> 30660 | I38: ='Total Weekday Boardings'!I38+'Total Saturday Boardings'!I38+'Total Sunday-Holiday Boardings'!I38 -> 25236 | J38: ='Total Weekday Boardings'!J38+'Total Saturday Boardings'!J38+'Total Sunday-Holiday Boardings'!J38 -> 29275 | ... DX38: ='Total Weekday Boardings'!DX38+'Total Saturday Boardings'!DX38+'Total Sunday-Holiday Boardings'!DX38 -> 30506 | DY38: 28209 | DZ38: 39223 | EA38: 57769 | EB38: 60983 | EC38: 53895 | ED38: 37237 | EE38: 48319 | EF38: 54405 | EG38: 30560 | EH38: 11577 | EI38: 11110 | EJ38: 10189 | EK38: 9559 | EL38: 13644 | EM38: 15055 | EN38: 15854 | EO38: 14884 | EP38: 11048 | EQ38: 6465 | ER38: 12767 | ES38: 15109 | ET38: 15500 | EU38: 15046 | EV38: 15232 | EW38: 14884 | EX38: 25906 | EY38: 34421 | EZ38: 32457 | FA38: 31208 | FB38: 21336 | FC38: 26205 | FD38: 32319 | FE38: 34988 | FF38: 34030 | FG38: =SUM('Total Weekday Boardings'!FG38,'Total Saturday Boardings'!FG38,'Total Sunday-Holiday Boardings'!FG38) -> 24030 | FH38: =SUM('Total Weekday Boardings'!FH38,'Total Saturday Boardings'!FH38,'Total Sunday-Holiday Boardings'!FH38) -> 18607 | FI38: =SUM('Total Weekday Boardings'!FI38,'Total Saturday Boardings'!FI38,'Total Sunday-Holiday Boardings'!FI38) -> 18589 | FJ38: =SUM('Total Weekday Boardings'!FJ38,'Total Saturday Boardings'!FJ38,'Total Sunday-Holiday Boardings'!FJ38) -> 13228 | FK38: =SUM('Total Weekday Boardings'!FK38,'Total Saturday Boardings'!FK38,'Total Sunday-Holiday Boardings'!FK38) -> 15894.5 | FL38: =SUM('Total Weekday Boardings'!FL38,'Total Saturday Boardings'!FL38,'Total Sunday-Holiday Boardings'!FL38) -> 14890 | FM38: =SUM('Total Weekday Boardings'!FM38,'Total Saturday Boardings'!FM38,'Total Sunday-Holiday Boardings'!FM38) -> 13737 | FN38: =SUM('Total Weekday Boardings'!FN38,'Total Saturday Boardings'!FN38,'Total Sunday-Holiday Boardings'!FN38) -> 10767 | ... FT38: =SUM('Total Weekday Boardings'!FT38,'Total Saturday Boardings'!FT38,'Total Sunday-Holiday Boardings'!FT38) -> 10836 | FU38: 11368 | FV38: 16396 | FW38: 16812 | FX38: 16579 | FY38: 15216 | FZ38: 11988 | GA38: 15057 | GB38: 15725 | GC38: 15055 | GD38: 13975 | GE38: 12656 | GF38: 9221 | GG38: 9707 | GH38: 14425 | GI38: 17151 | GJ38: 16690 | GK38: 15368 | GL38: 12042
A39: Dorsey/Apache Blvd | C39: ='Total Weekday Boardings'!C39+'Total Saturday Boardings'!C39+'Total Sunday-Holiday Boardings'!C39 -> 16086 | D39: ='Total Weekday Boardings'!D39+'Total Saturday Boardings'!D39+'Total Sunday-Holiday Boardings'!D39 -> 22297 | E39: ='Total Weekday Boardings'!E39+'Total Saturday Boardings'!E39+'Total Sunday-Holiday Boardings'!E39 -> 21892 | F39: ='Total Weekday Boardings'!F39+'Total Saturday Boardings'!F39+'Total Sunday-Holiday Boardings'!F39 -> 22815 | G39: ='Total Weekday Boardings'!G39+'Total Saturday Boardings'!G39+'Total Sunday-Holiday Boardings'!G39 -> 20073 | H39: ='Total Weekday Boardings'!H39+'Total Saturday Boardings'!H39+'Total Sunday-Holiday Boardings'!H39 -> 15534 | I39: ='Total Weekday Boardings'!I39+'Total Saturday Boardings'!I39+'Total Sunday-Holiday Boardings'!I39 -> 13882 | J39: ='Total Weekday Boardings'!J39+'Total Saturday Boardings'!J39+'Total Sunday-Holiday Boardings'!J39 -> 13731 | ... DX39: ='Total Weekday Boardings'!DX39+'Total Saturday Boardings'!DX39+'Total Sunday-Holiday Boardings'!DX39 -> 17010 | DY39: 16689 | DZ39: 21668 | EA39: 23352 | EB39: 25413 | EC39: 24005 | ED39: 19889 | EE39: 22026 | EF39: 22484 | EG39: 16827 | EH39: 10212 | EI39: 10747 | EJ39: 10484 | EK39: 9196 | EL39: 9822 | EM39: 10419 | EN39: 10923 | EO39: 9597 | EP39: 7976 | EQ39: 4802 | ER39: 8323 | ES39: 9465 | ET39: 9747 | EU39: 9076 | EV39: 9753 | EW39: 9597 | EX39: 12010 | EY39: 14117 | EZ39: 12968 | FA39: 12552 | FB39: 9743 | FC39: 9802 | FD39: 11834 | FE39: 13848 | FF39: 12698 | FG39: =SUM('Total Weekday Boardings'!FG39,'Total Saturday Boardings'!FG39,'Total Sunday-Holiday Boardings'!FG39) -> 5126 | FH39: =SUM('Total Weekday Boardings'!FH39,'Total Saturday Boardings'!FH39,'Total Sunday-Holiday Boardings'!FH39) -> 9309 | FI39: =SUM('Total Weekday Boardings'!FI39,'Total Saturday Boardings'!FI39,'Total Sunday-Holiday Boardings'!FI39) -> 9813 | FJ39: =SUM('Total Weekday Boardings'!FJ39,'Total Saturday Boardings'!FJ39,'Total Sunday-Holiday Boardings'!FJ39) -> 29718 | FK39: =SUM('Total Weekday Boardings'!FK39,'Total Saturday Boardings'!FK39,'Total Sunday-Holiday Boardings'!FK39) -> 37880 | FL39: =SUM('Total Weekday Boardings'!FL39,'Total Saturday Boardings'!FL39,'Total Sunday-Holiday Boardings'!FL39) -> 34867 | FM39: =SUM('Total Weekday Boardings'!FM39,'Total Saturday Boardings'!FM39,'Total Sunday-Holiday Boardings'!FM39) -> 31493 | FN39: =SUM('Total Weekday Boardings'!FN39,'Total Saturday Boardings'!FN39,'Total Sunday-Holiday Boardings'!FN39) -> 23051 | ... FT39: =SUM('Total Weekday Boardings'!FT39,'Total Saturday Boardings'!FT39,'Total Sunday-Holiday Boardings'!FT39) -> 23804 | FU39: 23007 | FV39: 35690 | FW39: 39749 | FX39: 42942 | FY39: 39478 | FZ39: 26794 | GA39: 39746 | GB39: 43327 | GC39: 37435 | GD39: 37326 | GE39: 26453 | GF39: 21699 | GG39: 21450 | GH39: 31532 | GI39: 41006 | GJ39: 41404 | GK39: 35912 | GL39: 27042
A40: McClintock/Apache Blvd | C40: ='Total Weekday Boardings'!C40+'Total Saturday Boardings'!C40+'Total Sunday-Holiday Boardings'!C40 -> 26180 | D40: ='Total Weekday Boardings'!D40+'Total Saturday Boardings'!D40+'Total Sunday-Holiday Boardings'!D40 -> 27982 | E40: ='Total Weekday Boardings'!E40+'Total Saturday Boardings'!E40+'Total Sunday-Holiday Boardings'!E40 -> 28491 | F40: ='Total Weekday Boardings'!F40+'Total Saturday Boardings'!F40+'Total Sunday-Holiday Boardings'!F40 -> 30756 | G40: ='Total Weekday Boardings'!G40+'Total Saturday Boardings'!G40+'Total Sunday-Holiday Boardings'!G40 -> 25623 | H40: ='Total Weekday Boardings'!H40+'Total Saturday Boardings'!H40+'Total Sunday-Holiday Boardings'!H40 -> 22556 | I40: ='Total Weekday Boardings'!I40+'Total Saturday Boardings'!I40+'Total Sunday-Holiday Boardings'!I40 -> 21660 | J40: ='Total Weekday Boardings'!J40+'Total Saturday Boardings'!J40+'Total Sunday-Holiday Boardings'!J40 -> 23449 | ... DX40: ='Total Weekday Boardings'!DX40+'Total Saturday Boardings'!DX40+'Total Sunday-Holiday Boardings'!DX40 -> 28142 | DY40: 28061 | DZ40: 33923 | EA40: 42819 | EB40: 44192 | EC40: 40945 | ED40: 32294 | EE40: 36943 | EF40: 39948 | EG40: 27490 | EH40: 14419 | EI40: 14581 | EJ40: 14337 | EK40: 13093 | EL40: 14001 | EM40: 15666 | EN40: 16778 | EO40: 14979 | EP40: 12395 | EQ40: 7446 | ER40: 13428 | ES40: 14589 | ET40: 15805 | EU40: 14248 | EV40: 15104 | EW40: 14979 | EX40: 18153 | EY40: 22492 | EZ40: 21991 | FA40: 21772 | FB40: 17798 | FC40: 18503 | FD40: 22660 | FE40: 25667 | FF40: 24649 | FG40: =SUM('Total Weekday Boardings'!FG40,'Total Saturday Boardings'!FG40,'Total Sunday-Holiday Boardings'!FG40) -> 21021 | FH40: =SUM('Total Weekday Boardings'!FH40,'Total Saturday Boardings'!FH40,'Total Sunday-Holiday Boardings'!FH40) -> 17367 | FI40: =SUM('Total Weekday Boardings'!FI40,'Total Saturday Boardings'!FI40,'Total Sunday-Holiday Boardings'!FI40) -> 18267 | FJ40: =SUM('Total Weekday Boardings'!FJ40,'Total Saturday Boardings'!FJ40,'Total Sunday-Holiday Boardings'!FJ40) -> 23964 | FK40: =SUM('Total Weekday Boardings'!FK40,'Total Saturday Boardings'!FK40,'Total Sunday-Holiday Boardings'!FK40) -> 29761.5 | FL40: =SUM('Total Weekday Boardings'!FL40,'Total Saturday Boardings'!FL40,'Total Sunday-Holiday Boardings'!FL40) -> 27364 | FM40: =SUM('Total Weekday Boardings'!FM40,'Total Saturday Boardings'!FM40,'Total Sunday-Holiday Boardings'!FM40) -> 25891 | FN40: =SUM('Total Weekday Boardings'!FN40,'Total Saturday Boardings'!FN40,'Total Sunday-Holiday Boardings'!FN40) -> 21551 | ... FT40: =SUM('Total Weekday Boardings'!FT40,'Total Saturday Boardings'!FT40,'Total Sunday-Holiday Boardings'!FT40) -> 20846 | FU40: 19223 | FV40: 25214 | FW40: 28409 | FX40: 30727 | FY40: 27552 | FZ40: 21450 | GA40: 28887 | GB40: 30379 | GC40: 29042 | GD40: 27807 | GE40: 22108 | GF40: 18168 | GG40: 18685 | GH40: 25600 | GI40: 30122 | GJ40: 30759 | GK40: 28009 | GL40: 22836
A41: Smith-Martin/Apache Blvd | C41: ='Total Weekday Boardings'!C41+'Total Saturday Boardings'!C41+'Total Sunday-Holiday Boardings'!C41 -> 6240 | D41: ='Total Weekday Boardings'!D41+'Total Saturday Boardings'!D41+'Total Sunday-Holiday Boardings'!D41 -> 11479 | E41: ='Total Weekday Boardings'!E41+'Total Saturday Boardings'!E41+'Total Sunday-Holiday Boardings'!E41 -> 7407 | F41: ='Total Weekday Boardings'!F41+'Total Saturday Boardings'!F41+'Total Sunday-Holiday Boardings'!F41 -> 8625 | G41: ='Total Weekday Boardings'!G41+'Total Saturday Boardings'!G41+'Total Sunday-Holiday Boardings'!G41 -> 11483 | H41: ='Total Weekday Boardings'!H41+'Total Saturday Boardings'!H41+'Total Sunday-Holiday Boardings'!H41 -> 6597 | I41: ='Total Weekday Boardings'!I41+'Total Saturday Boardings'!I41+'Total Sunday-Holiday Boardings'!I41 -> 10489 | J41: ='Total Weekday Boardings'!J41+'Total Saturday Boardings'!J41+'Total Sunday-Holiday Boardings'!J41 -> 14644 | ... DX41: ='Total Weekday Boardings'!DX41+'Total Saturday Boardings'!DX41+'Total Sunday-Holiday Boardings'!DX41 -> 10669 | DY41: 10376 | DZ41: 12155 | EA41: 13982 | EB41: 15770 | EC41: 14842 | ED41: 12855 | EE41: 13776 | EF41: 13317 | EG41: 10759 | EH41: 8272 | EI41: 9330 | EJ41: 8282 | EK41: 9235 | EL41: 8174 | EM41: 8543 | EN41: 9122 | EO41: 6019 | EP41: 6474 | EQ41: 3546 | ER41: 5949 | ES41: 6765 | ET41: 7034 | EU41: 5791 | EV41: 6463 | EW41: 6019 | EX41: 7279 | EY41: 7870 | EZ41: 8247 | FA41: 8179 | FB41: 7257 | FC41: 6946 | FD41: 8126 | FE41: 9324 | FF41: 9223 | FG41: =SUM('Total Weekday Boardings'!FG41,'Total Saturday Boardings'!FG41,'Total Sunday-Holiday Boardings'!FG41) -> 8557 | FH41: =SUM('Total Weekday Boardings'!FH41,'Total Saturday Boardings'!FH41,'Total Sunday-Holiday Boardings'!FH41) -> 6978 | FI41: =SUM('Total Weekday Boardings'!FI41,'Total Saturday Boardings'!FI41,'Total Sunday-Holiday Boardings'!FI41) -> 7414 | FJ41: =SUM('Total Weekday Boardings'!FJ41,'Total Saturday Boardings'!FJ41,'Total Sunday-Holiday Boardings'!FJ41) -> 9028 | FK41: =SUM('Total Weekday Boardings'!FK41,'Total Saturday Boardings'!FK41,'Total Sunday-Holiday Boardings'!FK41) -> 9676.25 | FL41: =SUM('Total Weekday Boardings'!FL41,'Total Saturday Boardings'!FL41,'Total Sunday-Holiday Boardings'!FL41) -> 9314 | FM41: =SUM('Total Weekday Boardings'!FM41,'Total Saturday Boardings'!FM41,'Total Sunday-Holiday Boardings'!FM41) -> 8916 | FN41: =SUM('Total Weekday Boardings'!FN41,'Total Saturday Boardings'!FN41,'Total Sunday-Holiday Boardings'!FN41) -> 8331 | ... FT41: =SUM('Total Weekday Boardings'!FT41,'Total Saturday Boardings'!FT41,'Total Sunday-Holiday Boardings'!FT41) -> 7739 | FU41: 7898 | FV41: 8417 | FW41: 8449 | FX41: 9306 | FY41: 8981 | FZ41: 8199 | GA41: 9951 | GB41: 10387 | GC41: 10082 | GD41: 9920 | GE41: 8403 | GF41: 7412 | GG41: 8168 | GH41: 10327 | GI41: 11298 | GJ41: 11127 | GK41: 10969 | GL41: 10203
A42: Price-101 Fwy/Apache Blvd | C42: ='Total Weekday Boardings'!C42+'Total Saturday Boardings'!C42+'Total Sunday-Holiday Boardings'!C42 -> 19994 | D42: ='Total Weekday Boardings'!D42+'Total Saturday Boardings'!D42+'Total Sunday-Holiday Boardings'!D42 -> 22723 | E42: ='Total Weekday Boardings'!E42+'Total Saturday Boardings'!E42+'Total Sunday-Holiday Boardings'!E42 -> 23803 | F42: ='Total Weekday Boardings'!F42+'Total Saturday Boardings'!F42+'Total Sunday-Holiday Boardings'!F42 -> 24680 | G42: ='Total Weekday Boardings'!G42+'Total Saturday Boardings'!G42+'Total Sunday-Holiday Boardings'!G42 -> 17485 | H42: ='Total Weekday Boardings'!H42+'Total Saturday Boardings'!H42+'Total Sunday-Holiday Boardings'!H42 -> 15448 | I42: ='Total Weekday Boardings'!I42+'Total Saturday Boardings'!I42+'Total Sunday-Holiday Boardings'!I42 -> 17770 | J42: ='Total Weekday Boardings'!J42+'Total Saturday Boardings'!J42+'Total Sunday-Holiday Boardings'!J42 -> 21080 | ... DX42: ='Total Weekday Boardings'!DX42+'Total Saturday Boardings'!DX42+'Total Sunday-Holiday Boardings'!DX42 -> 17737 | DY42: 17522 | DZ42: 20887 | EA42: 25842 | EB42: 28633 | EC42: 28261 | ED42: 22047 | EE42: 24508 | EF42: 24903 | EG42: 17728 | EH42: 10471 | EI42: 10010 | EJ42: 9615 | EK42: 9826 | EL42: 9942 | EM42: 10281 | EN42: 11422 | EO42: 9487 | EP42: 8507 | EQ42: 5263 | ER42: 8599 | ES42: 9920 | ET42: 9646 | EU42: 8869 | EV42: 9420 | EW42: 9487 | EX42: 11617 | EY42: 14488 | EZ42: 14799 | FA42: 13997 | FB42: 11474 | FC42: 10646 | FD42: 13017 | FE42: 15288 | FF42: 14664 | FG42: =SUM('Total Weekday Boardings'!FG42,'Total Saturday Boardings'!FG42,'Total Sunday-Holiday Boardings'!FG42) -> 12745 | FH42: =SUM('Total Weekday Boardings'!FH42,'Total Saturday Boardings'!FH42,'Total Sunday-Holiday Boardings'!FH42) -> 9132 | FI42: =SUM('Total Weekday Boardings'!FI42,'Total Saturday Boardings'!FI42,'Total Sunday-Holiday Boardings'!FI42) -> 9446 | FJ42: =SUM('Total Weekday Boardings'!FJ42,'Total Saturday Boardings'!FJ42,'Total Sunday-Holiday Boardings'!FJ42) -> 13203 | FK42: =SUM('Total Weekday Boardings'!FK42,'Total Saturday Boardings'!FK42,'Total Sunday-Holiday Boardings'!FK42) -> 16431.75 | FL42: =SUM('Total Weekday Boardings'!FL42,'Total Saturday Boardings'!FL42,'Total Sunday-Holiday Boardings'!FL42) -> 14367 | FM42: =SUM('Total Weekday Boardings'!FM42,'Total Saturday Boardings'!FM42,'Total Sunday-Holiday Boardings'!FM42) -> 14627 | FN42: =SUM('Total Weekday Boardings'!FN42,'Total Saturday Boardings'!FN42,'Total Sunday-Holiday Boardings'!FN42) -> 12026 | ... FT42: =SUM('Total Weekday Boardings'!FT42,'Total Saturday Boardings'!FT42,'Total Sunday-Holiday Boardings'!FT42) -> 12391 | FU42: 11614 | FV42: 13655 | FW42: 15362 | FX42: 18088 | FY42: 16890 | FZ42: 13609 | GA42: 16778 | GB42: 16609 | GC42: 17481 | GD42: 16430 | GE42: 14138 | GF42: 11482 | GG42: 12386 | GH42: 15803 | GI42: 17355 | GJ42: 18194 | GK42: 16671 | GL42: 13971
A43: Sycamore/Main St | C43: ='Total Weekday Boardings'!C43+'Total Saturday Boardings'!C43+'Total Sunday-Holiday Boardings'!C43 -> 109994 | D43: ='Total Weekday Boardings'!D43+'Total Saturday Boardings'!D43+'Total Sunday-Holiday Boardings'!D43 -> 96676 | E43: ='Total Weekday Boardings'!E43+'Total Saturday Boardings'!E43+'Total Sunday-Holiday Boardings'!E43 -> 109630 | F43: ='Total Weekday Boardings'!F43+'Total Saturday Boardings'!F43+'Total Sunday-Holiday Boardings'!F43 -> 109408 | G43: ='Total Weekday Boardings'!G43+'Total Saturday Boardings'!G43+'Total Sunday-Holiday Boardings'!G43 -> 89401 | H43: ='Total Weekday Boardings'!H43+'Total Saturday Boardings'!H43+'Total Sunday-Holiday Boardings'!H43 -> 78786 | I43: ='Total Weekday Boardings'!I43+'Total Saturday Boardings'!I43+'Total Sunday-Holiday Boardings'!I43 -> 76625 | J43: ='Total Weekday Boardings'!J43+'Total Saturday Boardings'!J43+'Total Sunday-Holiday Boardings'!J43 -> 74236 | ... DX43: ='Total Weekday Boardings'!DX43+'Total Saturday Boardings'!DX43+'Total Sunday-Holiday Boardings'!DX43 -> 30398 | DY43: 30595 | DZ43: 33545 | EA43: 35048 | EB43: 38229 | EC43: 36646 | ED43: 33383 | EE43: 36042 | EF43: 36563 | EG43: 29552 | EH43: 20030 | EI43: 18603 | EJ43: 17217 | EK43: 15955 | EL43: 16904 | EM43: 16834 | EN43: 18650 | EO43: 16987 | EP43: 13533 | EQ43: 7754 | ER43: 14411 | ES43: 16691 | ET43: 16906 | EU43: 16453 | EV43: 16700 | EW43: 16987 | EX43: 18744 | EY43: 20736 | EZ43: 21576 | FA43: 21910 | FB43: 21258 | FC43: 19530 | FD43: 23153 | FE43: 26384 | FF43: 24547 | FG43: =SUM('Total Weekday Boardings'!FG43,'Total Saturday Boardings'!FG43,'Total Sunday-Holiday Boardings'!FG43) -> 22656 | FH43: =SUM('Total Weekday Boardings'!FH43,'Total Saturday Boardings'!FH43,'Total Sunday-Holiday Boardings'!FH43) -> 18804 | FI43: =SUM('Total Weekday Boardings'!FI43,'Total Saturday Boardings'!FI43,'Total Sunday-Holiday Boardings'!FI43) -> 20302 | FJ43: =SUM('Total Weekday Boardings'!FJ43,'Total Saturday Boardings'!FJ43,'Total Sunday-Holiday Boardings'!FJ43) -> 23144 | FK43: =SUM('Total Weekday Boardings'!FK43,'Total Saturday Boardings'!FK43,'Total Sunday-Holiday Boardings'!FK43) -> 24239 | FL43: =SUM('Total Weekday Boardings'!FL43,'Total Saturday Boardings'!FL43,'Total Sunday-Holiday Boardings'!FL43) -> 23925 | FM43: =SUM('Total Weekday Boardings'!FM43,'Total Saturday Boardings'!FM43,'Total Sunday-Holiday Boardings'!FM43) -> 21757 | FN43: =SUM('Total Weekday Boardings'!FN43,'Total Saturday Boardings'!FN43,'Total Sunday-Holiday Boardings'!FN43) -> 21084 | ... FT43: =SUM('Total Weekday Boardings'!FT43,'Total Saturday Boardings'!FT43,'Total Sunday-Holiday Boardings'!FT43) -> 22280 | FU43: 21751 | FV43: 23815 | FW43: 22506 | FX43: 24616 | FY43: 24144 | FZ43: 23534 | GA43: 26415 | GB43: 26437 | GC43: 28218 | GD43: 24654 | GE43: 24602 | GF43: 22011 | GG43: 22740 | GH43: 25449 | GI43: 25119 | GJ43: 25601 | GK43: 25066 | GL43: 22293
A44: Alma School/Main St | CD44: ='Total Weekday Boardings'!CD44+'Total Saturday Boardings'!CD44+'Total Sunday-Holiday Boardings'!CD44 -> 7948 | CE44: ='Total Weekday Boardings'!CE44+'Total Saturday Boardings'!CE44+'Total Sunday-Holiday Boardings'!CE44 -> 25313 | CF44: ='Total Weekday Boardings'!CF44+'Total Saturday Boardings'!CF44+'Total Sunday-Holiday Boardings'!CF44 -> 28818 | CG44: ='Total Weekday Boardings'!CG44+'Total Saturday Boardings'!CG44+'Total Sunday-Holiday Boardings'!CG44 -> 28973 | CH44: ='Total Weekday Boardings'!CH44+'Total Saturday Boardings'!CH44+'Total Sunday-Holiday Boardings'!CH44 -> 30462 | CI44: ='Total Weekday Boardings'!CI44+'Total Saturday Boardings'!CI44+'Total Sunday-Holiday Boardings'!CI44 -> 31059 | CJ44: ='Total Weekday Boardings'!CJ44+'Total Saturday Boardings'!CJ44+'Total Sunday-Holiday Boardings'!CJ44 -> 30559 | CK44: ='Total Weekday Boardings'!CK44+'Total Saturday Boardings'!CK44+'Total Sunday-Holiday Boardings'!CK44 -> 32521 | ... DX44: ='Total Weekday Boardings'!DX44+'Total Saturday Boardings'!DX44+'Total Sunday-Holiday Boardings'!DX44 -> 29831 | DY44: 30428 | DZ44: 31540 | EA44: 32053 | EB44: 35609 | EC44: 33666 | ED44: 31945 | EE44: 34184 | EF44: 33075 | EG44: 30856 | EH44: 21972 | EI44: 21486 | EJ44: 20127 | EK44: 18938 | EL44: 19380 | EM44: 18248 | EN44: 19996 | EO44: 16791 | EP44: 13824 | EQ44: 7934 | ER44: 14362 | ES44: 16375 | ET44: 17046 | EU44: 15898 | EV44: 16646 | EW44: 16791 | EX44: 17951 | EY44: 18634 | EZ44: 20248 | FA44: 19863 | FB44: 19785 | FC44: 18831 | FD44: 21153 | FE44: 25510 | FF44: 24691 | FG44: =SUM('Total Weekday Boardings'!FG44,'Total Saturday Boardings'!FG44,'Total Sunday-Holiday Boardings'!FG44) -> 24363 | FH44: =SUM('Total Weekday Boardings'!FH44,'Total Saturday Boardings'!FH44,'Total Sunday-Holiday Boardings'!FH44) -> 21867 | FI44: =SUM('Total Weekday Boardings'!FI44,'Total Saturday Boardings'!FI44,'Total Sunday-Holiday Boardings'!FI44) -> 23393 | FJ44: =SUM('Total Weekday Boardings'!FJ44,'Total Saturday Boardings'!FJ44,'Total Sunday-Holiday Boardings'!FJ44) -> 24278 | FK44: =SUM('Total Weekday Boardings'!FK44,'Total Saturday Boardings'!FK44,'Total Sunday-Holiday Boardings'!FK44) -> 23962 | FL44: =SUM('Total Weekday Boardings'!FL44,'Total Saturday Boardings'!FL44,'Total Sunday-Holiday Boardings'!FL44) -> 22991 | FM44: =SUM('Total Weekday Boardings'!FM44,'Total Saturday Boardings'!FM44,'Total Sunday-Holiday Boardings'!FM44) -> 21393 | FN44: =SUM('Total Weekday Boardings'!FN44,'Total Saturday Boardings'!FN44,'Total Sunday-Holiday Boardings'!FN44) -> 20437 | ... FT44: =SUM('Total Weekday Boardings'!FT44,'Total Saturday Boardings'!FT44,'Total Sunday-Holiday Boardings'!FT44) -> 19953 | FU44: 19653 | FV44: 21282 | FW44: 19272 | FX44: 21575 | FY44: 22049 | FZ44: 21919 | GA44: 24001 | GB44: 23495 | GC44: 24147 | GD44: 21516 | GE44: 21715 | GF44: 20767 | GG44: 21749 | GH44: 21639 | GI44: 21606 | GJ44: 22856 | GK44: 19947 | GL44: 19026
A45: Country Club/Main St | CD45: ='Total Weekday Boardings'!CD45+'Total Saturday Boardings'!CD45+'Total Sunday-Holiday Boardings'!CD45 -> 8410 | CE45: ='Total Weekday Boardings'!CE45+'Total Saturday Boardings'!CE45+'Total Sunday-Holiday Boardings'!CE45 -> 27715 | CF45: ='Total Weekday Boardings'!CF45+'Total Saturday Boardings'!CF45+'Total Sunday-Holiday Boardings'!CF45 -> 32032 | CG45: ='Total Weekday Boardings'!CG45+'Total Saturday Boardings'!CG45+'Total Sunday-Holiday Boardings'!CG45 -> 30559 | CH45: ='Total Weekday Boardings'!CH45+'Total Saturday Boardings'!CH45+'Total Sunday-Holiday Boardings'!CH45 -> 32389 | CI45: ='Total Weekday Boardings'!CI45+'Total Saturday Boardings'!CI45+'Total Sunday-Holiday Boardings'!CI45 -> 32629 | CJ45: ='Total Weekday Boardings'!CJ45+'Total Saturday Boardings'!CJ45+'Total Sunday-Holiday Boardings'!CJ45 -> 31682 | CK45: ='Total Weekday Boardings'!CK45+'Total Saturday Boardings'!CK45+'Total Sunday-Holiday Boardings'!CK45 -> 33528 | ... DX45: ='Total Weekday Boardings'!DX45+'Total Saturday Boardings'!DX45+'Total Sunday-Holiday Boardings'!DX45 -> 31795 | DY45: 32180 | DZ45: 32739 | EA45: 33231 | EB45: 37270 | EC45: 34763 | ED45: 32711 | EE45: 34040 | EF45: 33345 | EG45: 29905 | EH45: 20446 | EI45: 20668 | EJ45: 18798 | EK45: 16863 | EL45: 16777 | EM45: 16894 | EN45: 17690 | EO45: 15782 | EP45: 12470 | EQ45: 7388 | ER45: 12994 | ES45: 14945 | ET45: 15833 | EU45: 15498 | EV45: 15798 | EW45: 15782 | EX45: 16830 | EY45: 17214 | EZ45: 18108 | FA45: 18013 | FB45: 17641 | FC45: 16501 | FD45: 18885 | FE45: 22508 | FF45: 21541 | FG45: =SUM('Total Weekday Boardings'!FG45,'Total Saturday Boardings'!FG45,'Total Sunday-Holiday Boardings'!FG45) -> 21310 | FH45: =SUM('Total Weekday Boardings'!FH45,'Total Saturday Boardings'!FH45,'Total Sunday-Holiday Boardings'!FH45) -> 18039 | FI45: =SUM('Total Weekday Boardings'!FI45,'Total Saturday Boardings'!FI45,'Total Sunday-Holiday Boardings'!FI45) -> 18006 | FJ45: =SUM('Total Weekday Boardings'!FJ45,'Total Saturday Boardings'!FJ45,'Total Sunday-Holiday Boardings'!FJ45) -> 19067 | FK45: =SUM('Total Weekday Boardings'!FK45,'Total Saturday Boardings'!FK45,'Total Sunday-Holiday Boardings'!FK45) -> 19876.5 | FL45: =SUM('Total Weekday Boardings'!FL45,'Total Saturday Boardings'!FL45,'Total Sunday-Holiday Boardings'!FL45) -> 20289 | FM45: =SUM('Total Weekday Boardings'!FM45,'Total Saturday Boardings'!FM45,'Total Sunday-Holiday Boardings'!FM45) -> 17804 | FN45: =SUM('Total Weekday Boardings'!FN45,'Total Saturday Boardings'!FN45,'Total Sunday-Holiday Boardings'!FN45) -> 18499 | ... FT45: =SUM('Total Weekday Boardings'!FT45,'Total Saturday Boardings'!FT45,'Total Sunday-Holiday Boardings'!FT45) -> 19381 | FU45: 18272 | FV45: 19325 | FW45: 18084 | FX45: 20054 | FY45: 19689 | FZ45: 19629 | GA45: 21433 | GB45: 21351 | GC45: 21379 | GD45: 19171 | GE45: 19448 | GF45: 18356 | GG45: 18769 | GH45: 18756 | GI45: 18968 | GJ45: 19471 | GK45: 17904 | GL45: 17873
A46: Center/Main St | CD46: ='Total Weekday Boardings'!CD46+'Total Saturday Boardings'!CD46+'Total Sunday-Holiday Boardings'!CD46 -> 5420 | CE46: ='Total Weekday Boardings'!CE46+'Total Saturday Boardings'!CE46+'Total Sunday-Holiday Boardings'!CE46 -> 11467 | CF46: ='Total Weekday Boardings'!CF46+'Total Saturday Boardings'!CF46+'Total Sunday-Holiday Boardings'!CF46 -> 12418 | CG46: ='Total Weekday Boardings'!CG46+'Total Saturday Boardings'!CG46+'Total Sunday-Holiday Boardings'!CG46 -> 12379 | CH46: ='Total Weekday Boardings'!CH46+'Total Saturday Boardings'!CH46+'Total Sunday-Holiday Boardings'!CH46 -> 13934 | CI46: ='Total Weekday Boardings'!CI46+'Total Saturday Boardings'!CI46+'Total Sunday-Holiday Boardings'!CI46 -> 12301 | CJ46: ='Total Weekday Boardings'!CJ46+'Total Saturday Boardings'!CJ46+'Total Sunday-Holiday Boardings'!CJ46 -> 11770 | CK46: ='Total Weekday Boardings'!CK46+'Total Saturday Boardings'!CK46+'Total Sunday-Holiday Boardings'!CK46 -> 13336 | ... DX46: ='Total Weekday Boardings'!DX46+'Total Saturday Boardings'!DX46+'Total Sunday-Holiday Boardings'!DX46 -> 12758 | DY46: 13419 | DZ46: 14346 | EA46: 14746 | EB46: 16745 | EC46: 15467 | ED46: 14803 | EE46: 15085 | EF46: 15037 | EG46: 13820 | EH46: 8178 | EI46: 7829 | EJ46: 6772 | EK46: 6195 | EL46: 6695 | EM46: 6733 | EN46: 7566 | EO46: 6010 | EP46: 5321 | EQ46: 3182 | ER46: 5512 | ES46: 6539 | ET46: 6625 | EU46: 5758 | EV46: 6277 | EW46: 6010 | EX46: 6822 | EY46: 6830 | EZ46: 8103 | FA46: 7980 | FB46: 8265 | FC46: 6998 | FD46: 7961 | FE46: 9868 | FF46: 9014 | FG46: =SUM('Total Weekday Boardings'!FG46,'Total Saturday Boardings'!FG46,'Total Sunday-Holiday Boardings'!FG46) -> 8666 | FH46: =SUM('Total Weekday Boardings'!FH46,'Total Saturday Boardings'!FH46,'Total Sunday-Holiday Boardings'!FH46) -> 7709 | FI46: =SUM('Total Weekday Boardings'!FI46,'Total Saturday Boardings'!FI46,'Total Sunday-Holiday Boardings'!FI46) -> 8262 | FJ46: =SUM('Total Weekday Boardings'!FJ46,'Total Saturday Boardings'!FJ46,'Total Sunday-Holiday Boardings'!FJ46) -> 8919 | FK46: =SUM('Total Weekday Boardings'!FK46,'Total Saturday Boardings'!FK46,'Total Sunday-Holiday Boardings'!FK46) -> 9702 | FL46: =SUM('Total Weekday Boardings'!FL46,'Total Saturday Boardings'!FL46,'Total Sunday-Holiday Boardings'!FL46) -> 10180 | FM46: =SUM('Total Weekday Boardings'!FM46,'Total Saturday Boardings'!FM46,'Total Sunday-Holiday Boardings'!FM46) -> 9108 | FN46: =SUM('Total Weekday Boardings'!FN46,'Total Saturday Boardings'!FN46,'Total Sunday-Holiday Boardings'!FN46) -> 9318 | ... FT46: =SUM('Total Weekday Boardings'!FT46,'Total Saturday Boardings'!FT46,'Total Sunday-Holiday Boardings'!FT46) -> 9128 | FU46: 8961 | FV46: 9460 | FW46: 9683 | FX46: 10616 | FY46: 10208 | FZ46: 9857 | GA46: 10179 | GB46: 11053 | GC46: 11115 | GD46: 10358 | GE46: 10344 | GF46: 8961 | GG46: 10242 | GH46: 10658 | GI46: 10900 | GJ46: 12226 | GK46: 10710 | GL46: 11150
A47: Mesa Dr/Main St | CD47: ='Total Weekday Boardings'!CD47+'Total Saturday Boardings'!CD47+'Total Sunday-Holiday Boardings'!CD47 -> 23360 | CE47: ='Total Weekday Boardings'!CE47+'Total Saturday Boardings'!CE47+'Total Sunday-Holiday Boardings'!CE47 -> 63589 | CF47: ='Total Weekday Boardings'!CF47+'Total Saturday Boardings'!CF47+'Total Sunday-Holiday Boardings'!CF47 -> 66648 | CG47: ='Total Weekday Boardings'!CG47+'Total Saturday Boardings'!CG47+'Total Sunday-Holiday Boardings'!CG47 -> 61775 | CH47: ='Total Weekday Boardings'!CH47+'Total Saturday Boardings'!CH47+'Total Sunday-Holiday Boardings'!CH47 -> 64845 | CI47: ='Total Weekday Boardings'!CI47+'Total Saturday Boardings'!CI47+'Total Sunday-Holiday Boardings'!CI47 -> 66931 | CJ47: ='Total Weekday Boardings'!CJ47+'Total Saturday Boardings'!CJ47+'Total Sunday-Holiday Boardings'!CJ47 -> 66259 | CK47: ='Total Weekday Boardings'!CK47+'Total Saturday Boardings'!CK47+'Total Sunday-Holiday Boardings'!CK47 -> 72039 | ... DX47: ='Total Weekday Boardings'!DX47+'Total Saturday Boardings'!DX47+'Total Sunday-Holiday Boardings'!DX47 -> 22036 | DY47: 21756 | DZ47: 22980 | EA47: 24790 | EB47: 26861 | EC47: 25239 | ED47: 32535 | EE47: 24109 | EF47: 24210 | EG47: 20389 | EH47: 12949 | EI47: 12611 | EJ47: 10900 | EK47: 10318 | EL47: 11099 | EM47: 10923 | EN47: 11951 | EO47: 10587 | EP47: 8568 | EQ47: 4707 | ER47: 8617 | ES47: 10515 | ET47: 10256 | EU47: 9209 | EV47: 10222 | EW47: 10587 | EX47: 11874 | EY47: 11948 | EZ47: 14236 | FA47: 14337 | FB47: 16849 | FC47: 11442 | FD47: 13276 | FE47: 16672 | FF47: 17179 | FG47: =SUM('Total Weekday Boardings'!FG47,'Total Saturday Boardings'!FG47,'Total Sunday-Holiday Boardings'!FG47) -> 15316 | FH47: =SUM('Total Weekday Boardings'!FH47,'Total Saturday Boardings'!FH47,'Total Sunday-Holiday Boardings'!FH47) -> 12672 | FI47: =SUM('Total Weekday Boardings'!FI47,'Total Saturday Boardings'!FI47,'Total Sunday-Holiday Boardings'!FI47) -> 14123 | FJ47: =SUM('Total Weekday Boardings'!FJ47,'Total Saturday Boardings'!FJ47,'Total Sunday-Holiday Boardings'!FJ47) -> 15506 | FK47: =SUM('Total Weekday Boardings'!FK47,'Total Saturday Boardings'!FK47,'Total Sunday-Holiday Boardings'!FK47) -> 16533.75 | FL47: =SUM('Total Weekday Boardings'!FL47,'Total Saturday Boardings'!FL47,'Total Sunday-Holiday Boardings'!FL47) -> 16498 | FM47: =SUM('Total Weekday Boardings'!FM47,'Total Saturday Boardings'!FM47,'Total Sunday-Holiday Boardings'!FM47) -> 16445 | FN47: =SUM('Total Weekday Boardings'!FN47,'Total Saturday Boardings'!FN47,'Total Sunday-Holiday Boardings'!FN47) -> 25410 | ... FT47: =SUM('Total Weekday Boardings'!FT47,'Total Saturday Boardings'!FT47,'Total Sunday-Holiday Boardings'!FT47) -> 14160 | FU47: 14816 | FV47: 15768 | FW47: 15357 | FX47: 16077 | FY47: 15226 | FZ47: 19567 | GA47: 16054 | GB47: 15306 | GC47: 21537 | GD47: 15032 | GE47: 14450 | GF47: 13720 | GG47: 14017 | GH47: 14405 | GI47: 14602 | GJ47: 15380 | GK47: 13972 | GL47: 22935
A48: Stapley/Main St | DW48: ='Total Weekday Boardings'!DW48+'Total Saturday Boardings'!DW48+'Total Sunday-Holiday Boardings'!DW48 -> 4760 | DX48: ='Total Weekday Boardings'!DX48+'Total Saturday Boardings'!DX48+'Total Sunday-Holiday Boardings'!DX48 -> 11317 | DY48: 12677 | DZ48: 13334 | EA48: 13604 | EB48: 15960 | EC48: 15292 | ED48: 13983 | EE48: 15718 | EF48: 15566 | EG48: 15016 | EH48: 10542 | EI48: 9856 | EJ48: 9253 | EK48: 8593 | EL48: 8979 | EM48: 8886 | EN48: 9602 | EO48: 8070 | EP48: 7126 | EQ48: 4331 | ER48: 7505 | ES48: 3543 | ET48: 8005 | EU48: 7684 | EV48: 7980 | EW48: 8070 | EX48: 8634 | EY48: 9141 | EZ48: 10266 | FA48: 9843 | FB48: 10128 | FC48: 9807 | FD48: 11986 | FE48: 13880 | FF48: 13107 | FG48: =SUM('Total Weekday Boardings'!FG48,'Total Saturday Boardings'!FG48,'Total Sunday-Holiday Boardings'!FG48) -> 11710 | FH48: =SUM('Total Weekday Boardings'!FH48,'Total Saturday Boardings'!FH48,'Total Sunday-Holiday Boardings'!FH48) -> 9884 | FI48: =SUM('Total Weekday Boardings'!FI48,'Total Saturday Boardings'!FI48,'Total Sunday-Holiday Boardings'!FI48) -> 10461 | FJ48: =SUM('Total Weekday Boardings'!FJ48,'Total Saturday Boardings'!FJ48,'Total Sunday-Holiday Boardings'!FJ48) -> 11478 | FK48: =SUM('Total Weekday Boardings'!FK48,'Total Saturday Boardings'!FK48,'Total Sunday-Holiday Boardings'!FK48) -> 11210.75 | FL48: =SUM('Total Weekday Boardings'!FL48,'Total Saturday Boardings'!FL48,'Total Sunday-Holiday Boardings'!FL48) -> 11077 | FM48: =SUM('Total Weekday Boardings'!FM48,'Total Saturday Boardings'!FM48,'Total Sunday-Holiday Boardings'!FM48) -> 11009 | FN48: =SUM('Total Weekday Boardings'!FN48,'Total Saturday Boardings'!FN48,'Total Sunday-Holiday Boardings'!FN48) -> 12054 | ... FT48: =SUM('Total Weekday Boardings'!FT48,'Total Saturday Boardings'!FT48,'Total Sunday-Holiday Boardings'!FT48) -> 11797 | FU48: 12952 | FV48: 13722 | FW48: 12576 | FX48: 13121 | FY48: 11631 | FZ48: 11361 | GA48: 12535 | GB48: 12442 | GC48: 11937 | GD48: 11156 | GE48: 11467 | GF48: 11817 | GG48: 12900 | GH48: 13967 | GI48: 13469 | GJ48: 13820 | GK48: 11442 | GL48: 10831
A49: Gilbert Rd/Main St | DW49: ='Total Weekday Boardings'!DW49+'Total Saturday Boardings'!DW49+'Total Sunday-Holiday Boardings'!DW49 -> 25216 | DX49: ='Total Weekday Boardings'!DX49+'Total Saturday Boardings'!DX49+'Total Sunday-Holiday Boardings'!DX49 -> 53240 | DY49: 58095 | DZ49: 58751 | EA49: 58651 | EB49: 59773 | EC49: 61257 | ED49: 60957 | EE49: 66870 | EF49: 66612 | EG49: 29168 | EH49: 19912 | EI49: 20427 | EJ49: 19999 | EK49: 18540 | EL49: 19748 | EM49: 18509 | EN49: 18057 | EO49: 35652 | EP49: 8879 | EQ49: 8152 | ER49: 15991 | ES49: 13236 | ET49: 33923 | EU49: 31454 | EV49: 35710 | EW49: 35652 | EX49: 37256 | EY49: 37660 | EZ49: 38552 | FA49: 37530 | FB49: 39395 | FC49: 38091 | FD49: 41923 | FE49: 48515 | FF49: 43732 | FG49: =SUM('Total Weekday Boardings'!FG49,'Total Saturday Boardings'!FG49,'Total Sunday-Holiday Boardings'!FG49) -> 40807 | FH49: =SUM('Total Weekday Boardings'!FH49,'Total Saturday Boardings'!FH49,'Total Sunday-Holiday Boardings'!FH49) -> 35705 | FI49: =SUM('Total Weekday Boardings'!FI49,'Total Saturday Boardings'!FI49,'Total Sunday-Holiday Boardings'!FI49) -> 37997 | FJ49: =SUM('Total Weekday Boardings'!FJ49,'Total Saturday Boardings'!FJ49,'Total Sunday-Holiday Boardings'!FJ49) -> 38958 | FK49: =SUM('Total Weekday Boardings'!FK49,'Total Saturday Boardings'!FK49,'Total Sunday-Holiday Boardings'!FK49) -> 42281.75 | FL49: =SUM('Total Weekday Boardings'!FL49,'Total Saturday Boardings'!FL49,'Total Sunday-Holiday Boardings'!FL49) -> 38822 | FM49: =SUM('Total Weekday Boardings'!FM49,'Total Saturday Boardings'!FM49,'Total Sunday-Holiday Boardings'!FM49) -> 37443 | FN49: =SUM('Total Weekday Boardings'!FN49,'Total Saturday Boardings'!FN49,'Total Sunday-Holiday Boardings'!FN49) -> 38884 | ... FT49: =SUM('Total Weekday Boardings'!FT49,'Total Saturday Boardings'!FT49,'Total Sunday-Holiday Boardings'!FT49) -> 39830 | FU49: 43008 | FV49: 46417 | FW49: 42122 | FX49: 47285 | FY49: 45237 | FZ49: 46804 | GA49: 47300 | GB49: 50011 | GC49: 48162 | GD49: 49762 | GE49: 49286 | GF49: 43158 | GG49: 52271 | GH49: 55958 | GI49: 55440 | GJ49: 58394 | GK49: 51603 | GL49: 53231
A50: Total Weekday Boardings (System): | C50: =SUM(C10:C43) -> 911034 | D50: =SUM(D10:D43) -> 964937 | E50: =SUM(E10:E43) -> 999311 | F50: =SUM(F10:F43) -> 1063150 | G50: =SUM(G10:G43) -> 898460 | H50: =SUM(H10:H43) -> 805419 | I50: =SUM(I10:I43) -> 780404 | J50: =SUM(J10:J43) -> 857313 | ... CC50: =SUM(CC10:CC43) -> 1012071 | CD50: =SUM(CD10:CD47) -> 1169454 | CE50: =SUM(CE10:CE47) -> 1373224 | CF50: =SUM(CF10:CF47) -> 1438683 | CG50: =SUM(CG10:CG47) -> 1291298 | CH50: =SUM(CH10:CH47) -> 1198892 | CI50: =SUM(CI10:CI47) -> 1314309 | CJ50: =SUM(CJ10:CJ47) -> 1290616 | CK50: =SUM(CK7:CK47) -> 1398319 | CL50: =SUM(CL7:CL47) -> 1493048 | CM50: =SUM(CM7:CM47) -> 1329756 | CN50: =SUM(CN7:CN47) -> 1265067 | CO50: =SUM(CO7:CO47) -> 1215447 | CP50: =SUM(CP7:CP47) -> 1403213 | CQ50: =SUM(CQ7:CQ47) -> 1431383 | CR50: =SUM(CR7:CR47) -> 1458675 | ... DV50: =SUM(DV7:DV47) -> 1196376 | DW50: =SUM(DW7:DW49) -> 1224593 | DX50: =SUM(DX7:DX49) -> 1117133 | DY50: =SUM(DY7:DY49) -> 1102254 | DZ50: =SUM(DZ7:DZ49) -> 1265304 | EA50: =SUM(EA7:EA49) -> 1289471 | EB50: =SUM(EB7:EB49) -> 1387669 | EC50: =SUM(EC7:EC49) -> 1315204 | ED50: =SUM(ED7:ED49) -> 1204458 | EE50: =SUM(EE7:EE49) -> 1283849 | EF50: 1279399 | EG50: 980520 | EH50: 587134 | EI50: 585091 | EJ50: 545199 | EK50: 518874 | EL50: 543423 | EM50: 547121 | EN50: 576871 | EO50: 569281 | EP50: 420137 | EQ50: 243082 | ER50: 449529 | ES50: 517211 | ET50: 594496 | EU50: 569281 | EV50: 559917 | EW50: 569281 | EX50: 638892 | EY50: 672068 | EZ50: 700832 | FA50: 703615 | FB50: 679919 | FC50: 628392 | FD50: 733124 | FE50: 863078 | FF50: 811435 | FG50: =SUM(FG7:FG49) -> 756764 | FH50: =SUM(FH7:FH49) -> 602742 | FI50: =SUM(FI7:FI49) -> 630929 | FJ50: =SUM(FJ7:FJ49) -> 729043 | FK50: =SUM(FK7:FK49) -> 822599.75 | FL50: =SUM(FL7:FL49) -> 789953 | FM50: =SUM(FM7:FM49) -> 746405 | FN50: =SUM(FN7:FN49) -> 720892 | ... FZ50: =SUM(FZ7:FZ49) -> 799501 | GA50: =SUM(GA4:GA49) -> 877075 | GB50: =SUM(GB4:GB49) -> 921759 | GC50: =SUM(GC4:GC49) -> 929421 | GD50: =SUM(GD4:GD49) -> 885115 | GE50: =SUM(GE4:GE49) -> 866183 | GF50: =SUM(GF4:GF49) -> 763461 | GG50: =SUM(GG4:GG49) -> 780735 | GH50: =SUM(GH4:GH49) -> 879787 | ... GL50: =SUM(GL4:GL49) -> 790083
A51: Fiscal Year Monthly Average (System): | B51: =AVERAGE(C50:H50) -> 940385.17 | I51: =AVERAGE(I50:T50) -> 1023904.6 | U51: =AVERAGE(U50:AF50) -> 1062499.9 | AG51: =AVERAGE(AG50:AR50) -> 1126336.4 | AS51: =AVERAGE(AS50:BD50) -> 1190365.2 | BE51: =AVERAGE(BE50:BP50) -> 1194290.7 | BQ51: =AVERAGE(BQ50:CB50) -> 1189740.3 | CC51: =AVERAGE(CC50:CN50) -> 1297894.8 | CO51: =AVERAGE(CO50:CZ50) -> 1377587.1 | DA51: =AVERAGE(DA50:DL50) -> 1315575.9 | DM51: =AVERAGE(DM50:DX50) -> 1246221.7 | DY51: =AVERAGE(DY50:EJ50) -> 1068796 | EK51: =AVERAGE(EK50:EV50) -> 509101.92 | EW51: =AVERAGE(EW50:FH50) -> 696678.5 | FI51: =AVERAGE(FI50:FT50) -> 781585.98 | FU51: =AVERAGE(FU50:GA50) -> 835438.86
FO55: 44949 | FP55: 44980 | FQ55: 45008 | FR55: 45039 | FS55: 45069 | FT55: 45100 | FU55: 45130 | FV55: 45161 | FW55: 45192 | FX55: 45222 | FY55: 45253 | FZ55: 45283 | GA55: 45315 | GB55: 45345 | GC55: 45374 | GD55: 45405 | GE55: 45435 | GF55: 45466 | GG55: 45496 | GH55: 45527 | GI55: 45559 | GJ55: 45590 | GK55: 45622 | GL55: 45653
A56: Marina Heights / Rio Salado | FO56: 4011 | FP56: 3172 | FQ56: 5429 | FR56: =SUM('Total Weekday Boardings'!FR56,'Total Saturday Boardings'!FR56,'Total Sunday-Holiday Boardings'!FR56) -> 4668 | FS56: =SUM('Total Weekday Boardings'!FS56,'Total Saturday Boardings'!FS56,'Total Sunday-Holiday Boardings'!FS56) -> 5398 | FT56: =SUM('Total Weekday Boardings'!FT56,'Total Saturday Boardings'!FT56,'Total Sunday-Holiday Boardings'!FT56) -> 4543 | FU56: 4202 | FV56: 5426 | FW56: 4957 | FX56: 5287 | FY56: 4585 | FZ56: 4011 | GA56: 4030 | GB56: 4468 | GC56: 3196.1787 | GD56: 4827 | GE56: 4454 | GF56: 3843 | GG56: 4342 | GH56: 4281 | GI56: 5339 | GJ56: 5736 | GK56: 3926 | GL56: 3551
A57: Hayden Ferry / Rio Salado | FO57: 1801 | FP57: 1508 | FQ57: 2443 | FR57: =SUM('Total Weekday Boardings'!FR57,'Total Saturday Boardings'!FR57,'Total Sunday-Holiday Boardings'!FR57) -> 1960 | FS57: =SUM('Total Weekday Boardings'!FS57,'Total Saturday Boardings'!FS57,'Total Sunday-Holiday Boardings'!FS57) -> 2463 | FT57: =SUM('Total Weekday Boardings'!FT57,'Total Saturday Boardings'!FT57,'Total Sunday-Holiday Boardings'!FT57) -> 2657 | FU57: 2534 | FV57: 2556 | FW57: 2363 | FX57: 1408 | FY57: 1106 | FZ57: 883 | GA57: 1156 | GB57: 1210 | GC57: 1047.8428 | GD57: 1189 | GE57: 902 | GF57: 890 | GG57: 1183 | GH57: 1003 | GI57: 1338 | GJ57: 1260 | GK57: 994 | GL57: 976
A58: Tempe Beach Park / Rio Salado Pkwy | FO58: 746 | FP58: 817 | FQ58: 1257 | FR58: =SUM('Total Weekday Boardings'!FR58,'Total Saturday Boardings'!FR58,'Total Sunday-Holiday Boardings'!FR58) -> 1012 | FS58: =SUM('Total Weekday Boardings'!FS58,'Total Saturday Boardings'!FS58,'Total Sunday-Holiday Boardings'!FS58) -> 1156 | FT58: =SUM('Total Weekday Boardings'!FT58,'Total Saturday Boardings'!FT58,'Total Sunday-Holiday Boardings'!FT58) -> 1140 | FU58: 952 | FV58: 1256 | FW58: 1186 | FX58: 1120 | FY58: 765 | FZ58: 685 | GA58: 803 | GB58: 746 | GC58: 940.47766 | GD58: 1012 | GE58: 1351 | GF58: 513 | GG58: 1045 | GH58: 1051 | GI58: 1385 | GJ58: 1202 | GK58: 311 | GL58: 681
A59: Third St / Ash | FO59: 533 | FP59: 552 | FQ59: 964 | FR59: =SUM('Total Weekday Boardings'!FR59,'Total Saturday Boardings'!FR59,'Total Sunday-Holiday Boardings'!FR59) -> 693 | FS59: =SUM('Total Weekday Boardings'!FS59,'Total Saturday Boardings'!FS59,'Total Sunday-Holiday Boardings'!FS59) -> 843 | FT59: =SUM('Total Weekday Boardings'!FT59,'Total Saturday Boardings'!FT59,'Total Sunday-Holiday Boardings'!FT59) -> 840 | FU59: 808 | FV59: 1173 | FW59: 1068 | FX59: 875 | FY59: 772 | FZ59: 538 | GA59: 730 | GB59: 1959 | GC59: 754.65331 | GD59: 830 | GE59: 167 | GF59: 1479 | GG59: 5370 | GH59: 5131 | GI59: 4403 | GJ59: 972 | GK59: 1342 | GL59: 828
A60: Fifth St / Ash | FO60: 968 | FP60: 876 | FQ60: 1219 | FR60: =SUM('Total Weekday Boardings'!FR60,'Total Saturday Boardings'!FR60,'Total Sunday-Holiday Boardings'!FR60) -> 1260 | FS60: =SUM('Total Weekday Boardings'!FS60,'Total Saturday Boardings'!FS60,'Total Sunday-Holiday Boardings'!FS60) -> 1255 | FT60: =SUM('Total Weekday Boardings'!FT60,'Total Saturday Boardings'!FT60,'Total Sunday-Holiday Boardings'!FT60) -> 1263 | FU60: 1105 | FV60: 1833 | FW60: 2088 | FX60: 1639 | FY60: 1441 | FZ60: 861 | GA60: 1412 | GB60: 1719 | GC60: 1449.4299 | GD60: 1768 | GE60: 1051 | GF60: 761 | GG60: 938 | GH60: 1271 | GI60: 1972 | GJ60: 1727 | GK60: 1229 | GL60: 879
A61: University Dr / Ash | FO61: 1351 | FP61: 1370 | FQ61: 1914 | FR61: =SUM('Total Weekday Boardings'!FR61,'Total Saturday Boardings'!FR61,'Total Sunday-Holiday Boardings'!FR61) -> 1895 | FS61: =SUM('Total Weekday Boardings'!FS61,'Total Saturday Boardings'!FS61,'Total Sunday-Holiday Boardings'!FS61) -> 1833 | FT61: =SUM('Total Weekday Boardings'!FT61,'Total Saturday Boardings'!FT61,'Total Sunday-Holiday Boardings'!FT61) -> 1638 | FU61: 1574 | FV61: 2499 | FW61: 2924 | FX61: 2781 | FY61: 2399 | FZ61: 1132 | GA61: 2016 | GB61: 2173 | GC61: 2887.5039 | GD61: 2378 | GE61: 1364 | GF61: 1099 | GG61: 1282 | GH61: 1756 | GI61: 2552 | GJ61: 2371 | GK61: 1885 | GL61: 1409
A62: Ninth St / Mill | FO62: 6468 | FP62: 5625 | FQ62: 8126 | FR62: =SUM('Total Weekday Boardings'!FR62,'Total Saturday Boardings'!FR62,'Total Sunday-Holiday Boardings'!FR62) -> 9086 | FS62: =SUM('Total Weekday Boardings'!FS62,'Total Saturday Boardings'!FS62,'Total Sunday-Holiday Boardings'!FS62) -> 5223 | FT62: =SUM('Total Weekday Boardings'!FT62,'Total Saturday Boardings'!FT62,'Total Sunday-Holiday Boardings'!FT62) -> 4531 | FU62: 4015 | FV62: 8451 | FW62: 10182 | FX62: 9074 | FY62: 9508 | FZ62: 5191 | GA62: 7683 | GB62: 7980 | GC62: 6935.3775 | GD62: 8627 | GE62: 4492 | GF62: 2934 | GG62: 3117 | GH62: 6807 | GI62: 10182 | GJ62: 9467 | GK62: 8892 | GL62: 6042
A63: Eleventh St / Mill | FO63: 4590 | FP63: 4035 | FQ63: 5835 | FR63: =SUM('Total Weekday Boardings'!FR63,'Total Saturday Boardings'!FR63,'Total Sunday-Holiday Boardings'!FR63) -> 6612 | FS63: =SUM('Total Weekday Boardings'!FS63,'Total Saturday Boardings'!FS63,'Total Sunday-Holiday Boardings'!FS63) -> 2707 | FT63: =SUM('Total Weekday Boardings'!FT63,'Total Saturday Boardings'!FT63,'Total Sunday-Holiday Boardings'!FT63) -> 2639 | FU63: 2220 | FV63: 6542 | FW63: 8814 | FX63: 7738 | FY63: 7398 | FZ63: 2352 | GA63: 5980 | GB63: 6573 | GC63: 5777.0724 | GD63: 6996 | GE63: 1800 | GF63: 1417 | GG63: 1525 | GH63: 4073 | GI63: 7808 | GJ63: 7034 | GK63: 6303 | GL63: 3673
A64: College Ave / Apache | FO64: 7991 | FP64: 7731 | FQ64: 9282 | FR64: =SUM('Total Weekday Boardings'!FR64,'Total Saturday Boardings'!FR64,'Total Sunday-Holiday Boardings'!FR64) -> 9933 | FS64: =SUM('Total Weekday Boardings'!FS64,'Total Saturday Boardings'!FS64,'Total Sunday-Holiday Boardings'!FS64) -> 4232 | FT64: =SUM('Total Weekday Boardings'!FT64,'Total Saturday Boardings'!FT64,'Total Sunday-Holiday Boardings'!FT64) -> 3293 | FU64: 3322 | FV64: 11053 | FW64: 13579 | FX64: 11451 | FY64: 9745 | FZ64: 3418 | GA64: 9386 | GB64: 10133 | GC64: 7896.5023 | GD64: 9931 | GE64: 2945 | GF64: 2564 | GG64: 3038 | GH64: 7814 | GI64: 14061 | GJ64: 12371 | GK64: 10020 | GL64: 5500
A65: Paseo Del Saber / Apache | FO65: 9165 | FP65: 8493 | FQ65: 12464 | FR65: =SUM('Total Weekday Boardings'!FR65,'Total Saturday Boardings'!FR65,'Total Sunday-Holiday Boardings'!FR65) -> 14573 | FS65: =SUM('Total Weekday Boardings'!FS65,'Total Saturday Boardings'!FS65,'Total Sunday-Holiday Boardings'!FS65) -> 5129 | FT65: =SUM('Total Weekday Boardings'!FT65,'Total Saturday Boardings'!FT65,'Total Sunday-Holiday Boardings'!FT65) -> 3736 | FU65: 2692 | FV65: 12080 | FW65: 16999 | FX65: 12956 | FY65: 12242 | FZ65: 3909 | GA65: 9720 | GB65: 11213 | GC65: 9478.074 | GD65: 12552 | GE65: 3486 | GF65: 1686 | GG65: 1728 | GH65: 7823 | GI65: 13731 | GJ65: 12809 | GK65: 11162 | GL65: 5633
A66: Rural / Apache | FO66: 11102 | FP66: 9362 | FQ66: 13338 | FR66: =SUM('Total Weekday Boardings'!FR66,'Total Saturday Boardings'!FR66,'Total Sunday-Holiday Boardings'!FR66) -> 14827 | FS66: =SUM('Total Weekday Boardings'!FS66,'Total Saturday Boardings'!FS66,'Total Sunday-Holiday Boardings'!FS66) -> 9271 | FT66: =SUM('Total Weekday Boardings'!FT66,'Total Saturday Boardings'!FT66,'Total Sunday-Holiday Boardings'!FT66) -> 6609 | FU66: 6833 | FV66: 14723 | FW66: 19994 | FX66: 16751 | FY66: 15341 | FZ66: 6860 | GA66: 12549 | GB66: 14461 | GC66: 12313.96 | GD66: 15319 | GE66: 7606 | GF66: 4866 | GG66: 4861 | GH66: 9982 | GI66: 16357 | GJ66: 15547 | GK66: 13205 | GL66: 7747
A67: Dorsey Ln / Apache | FO67: 9485 | FP67: 7693 | FQ67: 11808 | FR67: =SUM('Total Weekday Boardings'!FR67,'Total Saturday Boardings'!FR67,'Total Sunday-Holiday Boardings'!FR67) -> 11468 | FS67: =SUM('Total Weekday Boardings'!FS67,'Total Saturday Boardings'!FS67,'Total Sunday-Holiday Boardings'!FS67) -> 8341 | FT67: =SUM('Total Weekday Boardings'!FT67,'Total Saturday Boardings'!FT67,'Total Sunday-Holiday Boardings'!FT67) -> 6883 | FU67: 6636 | FV67: 15102 | FW67: 17422 | FX67: 15331 | FY67: 15156 | FZ67: 7910 | GA67: 12878 | GB67: 13497 | GC67: 10734.453 | GD67: 12476 | GE67: 7071 | GF67: 5818 | GG67: 6074 | GH67: 11854 | GI67: 17486 | GJ67: 16552 | GK67: 14024 | GL67: 10000
... A69: Third St / Mill | FO69: 513 | FP69: 494 | FQ69: 821 | FR69: =SUM('Total Weekday Boardings'!FR69,'Total Saturday Boardings'!FR69,'Total Sunday-Holiday Boardings'!FR69) -> 683 | FS69: =SUM('Total Weekday Boardings'!FS69,'Total Saturday Boardings'!FS69,'Total Sunday-Holiday Boardings'!FS69) -> 870 | FT69: =SUM('Total Weekday Boardings'!FT69,'Total Saturday Boardings'!FT69,'Total Sunday-Holiday Boardings'!FT69) -> 891 | FU69: 912 | FV69: 1006 | FW69: 797 | FX69: 659 | FY69: 800 | FZ69: 608 | GA69: 679 | GB69: 696 | GC69: 506.88752 | GD69: 720 | GE69: 630 | GF69: 654 | GG69: 706 | GH69: 588 | GI69: 750 | GJ69: 798 | GK69: 674 | GL69: 576
A70: Total | FO70: =SUM(FO56:FO69) -> 59496 | FP70: =SUM(FP56:FP69) -> 52337 | FQ70: =SUM(FQ56:FQ69) -> 75819 | FR70: =SUM(FR56:FR69) -> 79565 | FS70: =SUM(FS56:FS69) -> 49839 | FT70: =SUM(FT56:FT69) -> 41836 | FU70: =SUM(FU56:FU69) -> 38828 | FV70: =SUM(FV56:FV69) -> 85014 | ... GL70: =SUM(GL56:GL69) -> 48007

Sheet Total Weekday Boardings
A1: Total Weekday Boardings by Station
I2: Fiscal Year 2010 | U2: Fiscal Year 2011 | AG2: Fiscal Year 2012 | AS2: Fiscal Year 2013 | BE2: Fiscal Year 2014 | BQ2: Fiscal Year 2015 | CC2: Fiscal Year 2016 | CO2: Fiscal Year 2017 | DA2: Fiscal Year 2018 | DM2: Fiscal Year 2019 | DY2: Fiscal Year 2020 | EK2: Fiscal Year 2021 | EW2: Fiscal Year 2022 | FI2: Fiscal Year 2023 | FU2: Fiscal Year 2204
B3: 39783 | C3: 39814 | D3: 39845 | E3: 39873 | F3: 39904 | G3: 39934 | H3: 39965 | I3: 39995 | J3: 40026 | K3: 40057 | L3: 40087 | M3: 40118 | N3: 40148 | O3: 40179 | P3: 40210 | Q3: 40238 | R3: 40269 | S3: 40299 | T3: 40330 | U3: 40360 | V3: 40391 | W3: 40422 | X3: 40452 | Y3: 40483 | Z3: 40513 | AA3: 40544 | AB3: 40575 | AC3: 40603 | AD3: 40634 | AE3: 40664 | AF3: 40695 | AG3: 40725 | AH3: 40756 | AI3: 40787 | AJ3: 40817 | AK3: 40848 | AL3: 40878 | AM3: 40909 | AN3: 40940 | AO3: 40969 | AP3: 41000 | AQ3: 41030 | AR3: 41061 | AS3: 41091 | AT3: 41122 | AU3: 41153 | AV3: 41183 | AW3: 41214 | AX3: 41244 | AY3: 41275 | AZ3: 41306 | BA3: 41334 | BB3: 41365 | BC3: 41395 | BD3: 41426 | BE3: 41456 | BF3: 41487 | BG3: 41518 | BH3: 41548 | BI3: 41579 | BJ3: 41609 | BK3: 41640 | BL3: 41671 | BM3: 41699 | BN3: 41730 | BO3: 41760 | BP3: 41791 | BQ3: 41821 | BR3: 41852 | BS3: 41883 | BT3: 41913 | BU3: 41944 | BV3: 41974 | BW3: 42005 | BX3: 42036 | BY3: 42064 | BZ3: 42095 | CA3: 42125 | CB3: 42156 | CC3: 42186 | CD3: 42217 | CE3: 42248 | CF3: 42278 | CG3: 42309 | CH3: 42339 | CI3: 42370 | CJ3: 42401 | CK3: 42430 | CL3: 42461 | CM3: 42491 | CN3: 42522 | CO3: 42552 | CP3: 42583 | CQ3: 42614 | CR3: 42644 | CS3: 42675 | CT3: 42705 | CU3: 42736 | CV3: 42767 | CW3: 42795 | CX3: 42826 | CY3: 42856 | CZ3: 42887 | DA3: 42917 | DB3: 42948 | DC3: 42979 | DD3: 43009 | DE3: 43040 | DF3: 43070 | DG3: 43101 | DH3: 43132 | DI3: 43160 | DJ3: 43191 | DK3: 43221 | DL3: 43252 | DM3: 43282 | DN3: 43313 | DO3: 43344 | DP3: 43374 | DQ3: 43405 | DR3: 43435 | DS3: 43466 | DT3: 43497 | DU3: 43525 | DV3: 43556 | DW3: 43586 | DX3: 43617 | DY3: 43647 | DZ3: 43678 | EA3: 43709 | EB3: 43739 | EC3: 43770 | ED3: 43800 | EE3: 43831 | EF3: 43862 | EG3: 43891 | EH3: 43922 | EI3: 43952 | EJ3: 43983 | EK3: 44013 | EL3: 44044 | EM3: 44075 | EN3: 44105 | EO3: 44136 | EP3: 44166 | EQ3: 44197 | ER3: 44228 | ES3: 44256 | ET3: 44287 | EU3: 44317 | EV3: 44348 | EW3: 44378 | EX3: 44409 | EY3: 44440 | EZ3: 44470 | FA3: 44501 | FB3: 44531 | FC3: 44562 | FD3: 44593 | FE3: 44621 | FF3: 44652 | FG3: 44682 | FH3: 44713 | FI3: 44764 | FJ3: 44795 | FK3: 44826 | FL3: 44856 | FM3: 44887 | FN3: 44917 | FO3: 44949 | FP3: 44980 | FQ3: 45008 | FR3: 45039 | FS3: 45069 | FT3: 45100 | FU3: 45130 | FV3: 45161 | FW3: 45192 | FX3: 45222 | FY3: 45253 | FZ3: 45283 | GA3: 45315 | GB3: 45345 | GC3: 45374 | GD3: 45405 | GE3: 45435 | GF3: 45466 | GG3: 45497 | GH3: 45529 | GI3: 45561 | GJ3: 45592 | GK3: 45624 | GL3: 45655
A4: Metro Parkway | GA4: 6825 | GB4: 32825 | GC4: 30261 | GD4: 32598 | GE4: 31868 | GF4: 27587 | GG4: 34844 | GH4: 35830 | GI4: 11463 | GJ4: 38374 | GK4: 29122 | GL4: 33388
A5: Mountain View/ 25th Ave | GA5: 396 | GB5: 2539 | GC5: 2666 | GD5: 2881 | GE5: 2226 | GF5: 2221 | GG5: 2673 | GH5: 3121 | GI5: 628 | GJ5: 3757 | GK5: 3248 | GL5: 2967
A6: 25th Ave/ Dunlap | GA6: 511 | GB6: 4065 | GC6: 4015 | GD6: 3815 | GE6: 3691 | GF6: 3602 | GG6: 4228 | GH6: 4556 | GI6: 1018 | GJ6: 4741 | GK6: 4304 | GL6: 4059
A7: 19th Ave/Dunlap | CK7: 19180 | CL7: 49362 | CM7: 49079 | CN7: 55376 | CO7: 50278 | CP7: 59674 | CQ7: 53305 | CR7: 53605 | CS7: 48769 | CT7: 52853 | CU7: 52830 | CV7: 53482 | CW7: 62252 | CX7: 53403 | CY7: 62409 | CZ7: 60312 | DA7: 56330 | DB7: 70463 | DC7: 62132 | DD7: 67280 | DE7: 54564 | DF7: 59647 | DG7: 61662 | DH7: 58556 | DI7: 66919 | DJ7: 64559 | DK7: 64074 | DL7: 60004 | DM7: 59714 | DN7: 67412 | DO7: 59708 | DP7: 67508 | DQ7: 61571 | DR7: 58820 | DS7: 62923 | DT7: 56782 | DU7: 59548 | DV7: 62539 | DW7: 63921 | DX7: 55536 | DY7: 60904 | DZ7: 63419 | EA7: 58553 | EB7: 65901 | EC7: 57524 | ED7: 60597 | EE7: 66838 | EF7: 62545 | EG7: 57335 | EH7: 40328 | EI7: 34877 | EJ7: 35200 | EK7: 35239 | EL7: 34685 | EM7: 33135 | EN7: 34091 | EO7: 32432 | EP7: 28647 | EQ7: 13922 | ER7: 29750 | ES7: 33463 | ET7: 33248 | EU7: 29366 | EV7: 32221 | EW7: 31097 | EX7: 31188 | EY7: 31016 | EZ7: 31974 | FA7: 31202 | FB7: 33741 | FC7: 32089 | FD7: 37418 | FE7: 41438 | FF7: 35805 | FG7: 35082 | FH7: 33188 | FI7: ='Average Weekday Boardings'!FI7*20 -> 32917 | FJ7: ='Average Weekday Boardings'!FJ7*23 -> 40219 | FK7: ='Average Weekday Boardings'!FK7*21 -> 39221 | FL7: 36810 | FM7: 33935 | FN7: 33291 | FO7: 34677 | FP7: 18844 | FQ7: 41363 | FR7: 38244 | FS7: 39161 | FT7: 36180 | FU7: 36356 | FV7: 41745 | FW7: 33611 | FX7: 43332 | FY7: 42128 | FZ7: 41533 | GA7: 44009 | GB7: 19813 | GC7: 21041 | GD7: 18316 | GE7: 17826 | GF7: 16600 | GG7: 17509 | GH7: 18305 | GI7: 45911 | GJ7: 18360 | GK7: 18682 | GL7: 15627
A8: Northern/19th Ave | CK8: 7630 | CL8: 20347 | CM8: 21513 | CN8: 22400 | CO8: 20785 | CP8: 24810 | CQ8: 22671 | CR8: 23538 | CS8: 21322 | CT8: 22963 | CU8: 23366 | CV8: 23616 | CW8: 27301 | CX8: 24007 | CY8: 25605 | CZ8: 24636 | DA8: 21719 | DB8: 27463 | DC8: 24230 | DD8: 26830 | DE8: 23777 | DF8: 24313 | DG8: 26971 | DH8: 24716 | DI8: 27642 | DJ8: 26105 | DK8: 25696 | DL8: 23639 | DM8: 23440 | DN8: 27734 | DO8: 23484 | DP8: 29015 | DQ8: 26165 | DR8: 23417 | DS8: 26618 | DT8: 24364 | DU8: 24220 | DV8: 24177 | DW8: 24808 | DX8: 21436 | DY8: 22213 | DZ8: 22015 | EA8: 21605 | EB8: 26011 | EC8: 22840 | ED8: 23518 | EE8: 25091 | EF8: 23498 | EG8: 20819 | EH8: 13652 | EI8: 12323 | EJ8: 12407 | EK8: 11440 | EL8: 10528 | EM8: 10697 | EN8: 11722 | EO8: 10284 | EP8: 9298 | EQ8: 4983 | ER8: 9102 | ES8: 10882 | ET8: 11211 | EU8: 9296 | EV8: 10326 | EW8: 9915 | EX8: 10976 | EY8: 11162 | EZ8: 12212 | FA8: 13000 | FB8: 12910 | FC8: 11728 | FD8: 14358 | FE8: 17057 | FF8: 14627 | FG8: 14496 | FH8: 12369 | FI8: ='Average Weekday Boardings'!FI8*20 -> 11451 | FJ8: ='Average Weekday Boardings'!FJ8*23 -> 14908 | FK8: ='Average Weekday Boardings'!FK8*21 -> 15232 | FL8: 15479 | FM8: 14244 | FN8: 14487 | FO8: 15206 | FP8: 13908 | FQ8: 17841 | FR8: 16328 | FS8: 17533 | FT8: 15960 | FU8: 15221 | FV8: 17655 | FW8: 15475 | FX8: 17709 | FY8: 16524 | FZ8: 14403 | GA8: 15950 | GB8: 15960 | GC8: 15418 | GD8: 15142 | GE8: 15248 | GF8: 13223 | GG8: 13884 | GH8: 15617 | GI8: 15094 | GJ8: 16698 | GK8: 14454 | GL8: 14426
A9: Glendale/19th Ave | CK9: 10110 | CL9: 26750 | CM9: 27617 | CN9: 28840 | CO9: 27202 | CP9: 32881 | CQ9: 30795 | CR9: 31747 | CS9: 27658 | CT9: 30699 | CU9: 30438 | CV9: 29985 | CW9: 34475 | CX9: 30446 | CY9: 31389 | CZ9: 29021 | DA9: 26368 | DB9: 33553 | DC9: 30617 | DD9: 34095 | DE9: 29833 | DF9: 30104 | DG9: 33015 | DH9: 30769 | DI9: 34426 | DJ9: 32586 | DK9: 32355 | DL9: 29593 | DM9: 27665 | DN9: 33267 | DO9: 28108 | DP9: 35307 | DQ9: 32875 | DR9: 29385 | DS9: 32200 | DT9: 29403 | DU9: 30113 | DV9: 31040 | DW9: 31174 | DX9: 25301 | DY9: 26615 | DZ9: 28825 | EA9: 27628 | EB9: 33532 | EC9: 29289 | ED9: 28467 | EE9: 30331 | EF9: 28792 | EG9: 24967 | EH9: 17158 | EI9: 14702 | EJ9: 14656 | EK9: 14206 | EL9: 13138 | EM9: 13599 | EN9: 15439 | EO9: 12650 | EP9: 11707 | EQ9: 6462 | ER9: 11946 | ES9: 14214 | ET9: 14401 | EU9: 12373 | EV9: 13013 | EW9: 12147 | EX9: 13791 | EY9: 14489 | EZ9: 15853 | FA9: 15454 | FB9: 15592 | FC9: 14740 | FD9: 18187 | FE9: 21443 | FF9: 18823 | FG9: 17789 | FH9: 15629 | FI9: ='Average Weekday Boardings'!FI9*20 -> 14194 | FJ9: ='Average Weekday Boardings'!FJ9*23 -> 19892 | FK9: ='Average Weekday Boardings'!FK9*21 -> 20329 | FL9: 19805 | FM9: 19633 | FN9: 19302 | FO9: 20408 | FP9: 17788 | FQ9: 22999 | FR9: 21437 | FS9: 22984 | FT9: 19746 | FU9: 18158 | FV9: 22167 | FW9: 20006 | FX9: 21544 | FY9: 20939 | FZ9: 18854 | GA9: 19871 | GB9: 19882 | GC9: 20306 | GD9: 19966 | GE9: 20526 | GF9: 17372 | GG9: 18765 | GH9: 18679 | GI9: 18085 | GJ9: 19437 | GK9: 17322 | GL9: 17059
A10: 19th Ave/Montebello | C10: 62087 | D10: 69526 | E10: 76068 | F10: 73293 | G10: 65107 | H10: 63784 | I10: 50075 | J10: 57601 | K10: 63113 | L10: 71584 | M10: 68021 | N10: 63113 | O10: 62467 | P10: 64540 | Q10: 75156 | R10: 83106 | S10: 62439 | T10: 74073 | U10: 62416 | V10: 74550 | W10: 77269 | X10: 77136 | Y10: 66904 | Z10: 72849 | AA10: 71702 | AB10: 70583 | AC10: 80005 | AD10: 75344 | AE10: 68751 | AF10: 70838 | AG10: 63365 | AH10: 78251 | AI10: 78475 | AJ10: 78691 | AK10: 66506 | AL10: 72841 | AM10: 72877 | AN10: 73151 | AO10: 77620 | AP10: 76606 | AQ10: 77199 | AR10: 67433 | AS10: 64763 | AT10: 81463 | AU10: 72218 | AV10: 85936 | AW10: 75222 | AX10: 73152 | AY10: 76420 | AZ10: 79215 | BA10: 82874 | BB10: 88357 | BC10: 83609 | BD10: 68886 | BE10: 71621 | BF10: 87946 | BG10: 82165 | BH10: 89660 | BI10: 74733.768 | BJ10: 76787 | BK10: 87581 | BL10: 78877 | BM10: 84765 | BN10: 85246 | BO10: 75937 | BP10: 71776 | BQ10: 70537 | BR10: 75003 | BS10: 78155 | BT10: 86317 | BU10: 65158 | BV10: 78949 | BW10: 86697 | BX10: 76575 | BY10: 85357 | BZ10: 84677 | CA10: 74781 | CB10: 81360 | CC10: 77159 | CD10: 82584 | CE10: 83352 | CF10: 84836 | CG10: 64659 | CH10: 74800 | CI10: 70377 | CJ10: 75653 | CK10: 73184 | CL10: 49570 | CM10: 47234 | CN10: 47398 | CO10: 42067 | CP10: 52729 | CQ10: 49049 | CR10: 48441 | CS10: 42778 | CT10: 47521 | CU10: 45300 | CV10: 45003 | CW10: 52289 | CX10: 45788 | CY10: 46712 | CZ10: 41913 | DA10: 37048 | DB10: 47809 | DC10: 43084 | DD10: 47763 | DE10: 41506 | DF10: 44090 | DG10: 44936 | DH10: 41809 | DI10: 48297 | DJ10: 45522 | DK10: 43509 | DL10: 38413 | DM10: 35569 | DN10: 44498 | DO10: 37904 | DP10: 47611 | DQ10: 43202 | DR10: 39929 | DS10: 42226 | DT10: 38587 | DU10: 41133 | DV10: 41329 | DW10: 39053 | DX10: 33270 | DY10: 33986 | DZ10: 38878 | EA10: 36293 | EB10: 43091 | EC10: 37882 | ED10: 37655 | EE10: 38229 | EF10: 36873 | EG10: 31576 | EH10: 20528 | EI10: 19445 | EJ10: 19361 | EK10: 17855 | EL10: 16195 | EM10: 16792 | EN10: 18392 | EO10: 16582 | EP10: 13846 | EQ10: 7437 | ER10: 14247 | ES10: 17255 | ET10: 18531 | EU10: 15695 | EV10: 16284 | EW10: 15910 | EX10: 17552 | EY10: 18342 | EZ10: 20060 | FA10: 21289 | FB10: 21782 | FC10: 19391 | FD10: 23710 | FE10: 28873 | FF10: 26330 | FG10: 24831 | FH10: 20586 | FI10: ='Average Weekday Boardings'!FI10*20 -> 19290 | FJ10: ='Average Weekday Boardings'!FJ10*23 -> 26286 | FK10: ='Average Weekday Boardings'!FK10*21 -> 27129 | FL10: 27817 | FM10: 26708 | FN10: 27261 | FO10: 28069 | FP10: 24258 | FQ10: 30937 | FR10: 28604 | FS10: 30204 | FT10: 24446 | FU10: 20464 | FV10: 25343 | FW10: 23177 | FX10: 26311 | FY10: 24114 | FZ10: 22643 | GA10: 24358 | GB10: 24606 | GC10: 24027 | GD10: 24054 | GE10: 24073 | GF10: 19410 | GG10: 20004 | GH10: 23582 | GI10: 22783 | GJ10: 25037 | GK10: 22193 | GL10: 22015
A11: 19th Ave/Camelback | C11: 16694 | D11: 20065 | E11: 21180 | F11: 24669 | G11: 20178 | H11: 22113 | I11: 22278 | J11: 26516 | K11: 27737 | L11: 31642 | M11: 28221 | N11: 30090 | O11: 27619 | P11: 30770 | Q11: 35454 | R11: 36347 | S11: 36629 | T11: 32740 | U11: 26684 | V11: 37961 | W11: 38515 | X11: 40556 | Y11: 33572 | Z11: 32947 | AA11: 34652 | AB11: 32401 | AC11: 36727 | AD11: 36209 | AE11: 34041 | AF11: 31914 | AG11: 28309 | AH11: 38938 | AI11: 41450 | AJ11: 40233 | AK11: 35502 | AL11: 36661 | AM11: 36234 | AN11: 37039 | AO11: 40523 | AP11: 42975 | AQ11: 42746 | AR11: 35153 | AS11: 32973 | AT11: 47470 | AU11: 41974 | AV11: 50910 | AW11: 45942 | AX11: 41196 | AY11: 43987 | AZ11: 43120 | BA11: 44923 | BB11: 48194 | BC11: 45116 | BD11: 35954 | BE11: 37814 | BF11: 47569 | BG11: 45180 | BH11: 48724 | BI11: 40734.892 | BJ11: 39109 | BK11: 44877 | BL11: 42012 | BM11: 44950 | BN11: 47392 | BO11: 42600 | BP11: 36199 | BQ11: 35290 | BR11: 41677 | BS11: 44547 | BT11: 48488 | BU11: 37206 | BV11: 41913 | BW11: 43891 | BX11: 40477 | BY11: 43666 | BZ11: 46291 | CA11: 39111 | CB11: 38788 | CC11: 37913 | CD11: 43660 | CE11: 47155 | CF11: 49677 | CG11: 40755 | CH11: 41122 | CI11: 40579 | CJ11: 42853 | CK11: 48035 | CL11: 48124 | CM11: 44136 | CN11: 42896 | CO11: 37718 | CP11: 51029 | CQ11: 48645 | CR11: 47907 | CS11: 42141 | CT11: 44003 | CU11: 45232 | CV11: 45963 | CW11: 51384 | CX11: 46948 | CY11: 50285 | CZ11: 42169 | DA11: 37119 | DB11: 51453 | DC11: 48228 | DD11: 50882 | DE11: 43249 | DF11: 42882 | DG11: 47279 | DH11: 43798 | DI11: 46597 | DJ11: 45601 | DK11: 44175 | DL11: 37214 | DM11: 35398 | DN11: 46570 | DO11: 41040 | DP11: 48813 | DQ11: 44871 | DR11: 39265 | DS11: 43476 | DT11: 39894 | DU11: 40272 | DV11: 40263 | DW11: 36280 | DX11: 32024 | DY11: 32410 | DZ11: 38958 | EA11: 38062 | EB11: 44495 | EC11: 37358 | ED11: 35704 | EE11: 38749 | EF11: 37568 | EG11: 29231 | EH11: 17575 | EI11: 16167 | EJ11: 16375 | EK11: 15652 | EL11: 15064 | EM11: 15454 | EN11: 17329 | EO11: 14637 | EP11: 12000 | EQ11: 6511 | ER11: 12512 | ES11: 15227 | ET11: 16946 | EU11: 14136 | EV11: 15252 | EW11: 14053 | EX11: 18852 | EY11: 18402 | EZ11: 18332 | FA11: 20233 | FB11: 19069 | FC11: 17632 | FD11: 21254 | FE11: 25085 | FF11: 22776 | FG11: 20829 | FH11: 17196 | FI11: ='Average Weekday Boardings'!FI11*20 -> 15551 | FJ11: ='Average Weekday Boardings'!FJ11*23 -> 22912 | FK11: ='Average Weekday Boardings'!FK11*21 -> 24819 | FL11: 24133 | FM11: 23269 | FN11: 23021 | FO11: 25099 | FP11: 22996 | FQ11: 29145 | FR11: 28216 | FS11: 29250 | FT11: 24614 | FU11: 21177 | FV11: 26914 | FW11: 24491 | FX11: 27228 | FY11: 25377 | FZ11: 22689 | GA11: 26049 | GB11: 26876 | GC11: 24924 | GD11: 24768 | GE11: 23950 | GF11: 19691 | GG11: 20644 | GH11: 25847 | GI11: 25831 | GJ11: 27645 | GK11: 24396 | GL11: 22824
A12: 7th Ave/Camelback | C12: 10698 | D12: 15097 | E12: 12854 | F12: 14723 | G12: 14600 | H12: 13513 | I12: 13735 | J12: 16348 | K12: 17494 | L12: 19656 | M12: 19672 | N12: 18960 | O12: 17152 | P12: 19388 | Q12: 22339 | R12: 22572 | S12: 16796 | T12: 19368 | U12: 15582 | V12: 22478 | W12: 22211 | X12: 20313 | Y12: 18637 | Z12: 20168 | AA12: 20884 | AB12: 19103 | AC12: 22098 | AD12: 22049 | AE12: 19833 | AF12: 17475 | AG12: 15981 | AH12: 23104 | AI12: 23419 | AJ12: 22953 | AK12: 19872 | AL12: 21753 | AM12: 21684 | AN12: 21984 | AO12: 23655 | AP12: 25668 | AQ12: 25307 | AR12: 19317 | AS12: 18936 | AT12: 28046 | AU12: 24927 | AV12: 28018 | AW12: 25291 | AX12: 23686 | AY12: 25028 | AZ12: 24202 | BA12: 24299 | BB12: 28472 | BC12: 26943 | BD12: 21030 | BE12: 22133 | BF12: 27468 | BG12: 26009 | BH12: 27132 | BI12: 23090.302 | BJ12: 22859 | BK12: 25540 | BL12: 23928 | BM12: 24974 | BN12: 26406 | BO12: 23383 | BP12: 19606 | BQ12: 19630 | BR12: 23930 | BS12: 25711 | BT12: 27513 | BU12: 20587 | BV12: 23486 | BW12: 23916 | BX12: 22218 | BY12: 23932 | BZ12: 25987 | CA12: 21918 | CB12: 22111 | CC12: 22329 | CD12: 26373 | CE12: 26521 | CF12: 27952 | CG12: 23083 | CH12: 24067 | CI12: 24308 | CJ12: 25279 | CK12: 27942 | CL12: 27573 | CM12: 26748 | CN12: 25346 | CO12: 22132 | CP12: 29689 | CQ12: 29914 | CR12: 29011 | CS12: 26174 | CT12: 27089 | CU12: 27595 | CV12: 27944 | CW12: 30341 | CX12: 27373 | CY12: 28889 | CZ12: 23759 | DA12: 20958 | DB12: 28381 | DC12: 26918 | DD12: 29223 | DE12: 24908 | DF12: 23763 | DG12: 24857 | DH12: 23047 | DI12: 23797 | DJ12: 23977 | DK12: 23349 | DL12: 20552 | DM12: 18845 | DN12: 25421 | DO12: 21022 | DP12: 24459 | DQ12: 21583 | DR12: 20708 | DS12: 22581 | DT12: 19772 | DU12: 20724 | DV12: 20976 | DW12: 20912 | DX12: 16845 | DY12: 17365 | DZ12: 20810 | EA12: 19989 | EB12: 22337 | EC12: 18246 | ED12: 17297 | EE12: 19212 | EF12: 18017 | EG12: 14310 | EH12: 9382 | EI12: 8773 | EJ12: 8520 | EK12: 7925 | EL12: 7543 | EM12: 8052 | EN12: 8416 | EO12: 8115 | EP12: 6435 | EQ12: 3240 | ER12: 6576 | ES12: 8628 | ET12: 9481 | EU12: 7969 | EV12: 8769 | EW12: 7754 | EX12: 10610 | EY12: 10930 | EZ12: 10588 | FA12: 11697 | FB12: 10979 | FC12: 9891 | FD12: 11717 | FE12: 14203 | FF12: 13023 | FG12: 12227 | FH12: 9763 | FI12: ='Average Weekday Boardings'!FI12*20 -> 9159 | FJ12: ='Average Weekday Boardings'!FJ12*23 -> 12801 | FK12: ='Average Weekday Boardings'!FK12*21 -> 13638 | FL12: 12445 | FM12: 12239 | FN12: 11841 | FO12: 12198 | FP12: 10698 | FQ12: 13707 | FR12: 12937 | FS12: 14969 | FT12: 12527 | FU12: 10482 | FV12: 13774 | FW12: 13509 | FX12: 14982 | FY12: 13656 | FZ12: 11954 | GA12: 14352 | GB12: 14477 | GC12: 13577 | GD12: 14442 | GE12: 13781 | GF12: 11020 | GG12: 10833 | GH12: 13535 | GI12: 13188 | GJ12: 13359 | GK12: 11800 | GL12: 11813
A13: Central Ave/Camelback | C13: 17271 | D13: 11336 | E13: 8522 | F13: 8893 | G13: 6759 | H13: 6268 | I13: 5141 | J13: 6119 | K13: 9109 | L13: 8862 | M13: 9355 | N13: 9388 | O13: 7733 | P13: 9600 | Q13: 12961 | R13: 10177 | S13: 7897 | T13: 20051 | U13: 15936 | V13: 22866 | W13: 21465 | X13: 21661 | Y13: 19958 | Z13: 22524 | AA13: 22385 | AB13: 21042 | AC13: 25439 | AD13: 24654 | AE13: 21272 | AF13: 20006 | AG13: 17773 | AH13: 23679 | AI13: 24997 | AJ13: 23737 | AK13: 20564 | AL13: 21582 | AM13: 22378 | AN13: 22700 | AO13: 24557 | AP13: 25977 | AQ13: 24516 | AR13: 19491 | AS13: 17343 | AT13: 24235 | AU13: 22296 | AV13: 27925 | AW13: 24237 | AX13: 21333 | AY13: 23750 | AZ13: 23227 | BA13: 23462 | BB13: 26078 | BC13: 23617 | BD13: 18390 | BE13: 18754 | BF13: 21510 | BG13: 21632 | BH13: 24490 | BI13: 20073.874 | BJ13: 19226 | BK13: 22207 | BL13: 20722 | BM13: 22380 | BN13: 23513 | BO13: 20580 | BP13: 18281 | BQ13: 16922 | BR13: 18962 | BS13: 21278 | BT13: 23714 | BU13: 17760 | BV13: 20168 | BW13: 24093 | BX13: 20225 | BY13: 22395 | BZ13: 23397 | CA13: 18949 | CB13: 16957 | CC13: 16402 | CD13: 18885 | CE13: 21447 | CF13: 22704 | CG13: 18010 | CH13: 19766 | CI13: 19726 | CJ13: 20134 | CK13: 23120 | CL13: 23241 | CM13: 20575 | CN13: 19125 | CO13: 14900 | CP13: 21183 | CQ13: 21397 | CR13: 20957 | CS13: 18275 | CT13: 19444 | CU13: 19852 | CV13: 20498 | CW13: 24001 | CX13: 21634 | CY13: 21573 | CZ13: 17816 | DA13: 14612 | DB13: 22462 | DC13: 20017 | DD13: 23010 | DE13: 19262 | DF13: 18523 | DG13: 20241 | DH13: 19587 | DI13: 21638 | DJ13: 21355 | DK13: 19987 | DL13: 15436 | DM13: 13670 | DN13: 19259 | DO13: 16552 | DP13: 20178 | DQ13: 18697 | DR13: 16705 | DS13: 18479 | DT13: 17287 | DU13: 18439 | DV13: 19284 | DW13: 18938 | DX13: 15106 | DY13: 14245 | DZ13: 16923 | EA13: 16743 | EB13: 18900 | EC13: 16925 | ED13: 14671 | EE13: 15977 | EF13: 15823 | EG13: 11286 | EH13: 5909 | EI13: 5512 | EJ13: 5920 | EK13: 5723 | EL13: 5497 | EM13: 5698 | EN13: 6597 | EO13: 6602 | EP13: 5073 | EQ13: 2693 | ER13: 5141 | ES13: 6641 | ET13: 7350 | EU13: 6405 | EV13: 6880 | EW13: 6400 | EX13: 7468 | EY13: 7452 | EZ13: 7962 | FA13: 8567 | FB13: 8205 | FC13: 7336 | FD13: 8833 | FE13: 11196 | FF13: 10272 | FG13: 9468 | FH13: 7369 | FI13: ='Average Weekday Boardings'!FI13*20 -> 7451 | FJ13: ='Average Weekday Boardings'!FJ13*23 -> 8770 | FK13: ='Average Weekday Boardings'!FK13*21 -> 9490 | FL13: 9496 | FM13: 9715 | FN13: 8998 | FO13: 9837 | FP13: 10339 | FQ13: 12015 | FR13: 11353 | FS13: 11821 | FT13: 10320 | FU13: 8634 | FV13: 10287 | FW13: 10178 | FX13: 13234 | FY13: 10960 | FZ13: 9989 | GA13: 10879 | GB13: 11140 | GC13: 10744 | GD13: 10879 | GE13: 10184 | GF13: 8868 | GG13: 8612 | GH13: 9862 | GI13: 9731 | GJ13: 10320 | GK13: 9675 | GL13: 9021
A14: Campbell/Central Ave | C14: 13939 | D14: 19021 | E14: 17202 | F14: 20554 | G14: 13703 | H14: 8074 | I14: 10334 | J14: 12299 | K14: 28343 | L14: 29977 | M14: 25980 | N14: 27404 | O14: 26159 | P14: 27001 | Q14: 31111 | R14: 34425 | S14: 25733 | T14: 19646 | U14: 8749 | V14: 29728 | W14: 30215 | X14: 24820 | Y14: 25916 | Z14: 20774 | AA14: 27568 | AB14: 25920 | AC14: 26528 | AD14: 27287 | AE14: 22158 | AF14: 16661 | AG14: 8912 | AH14: 27493 | AI14: 30909 | AJ14: 25724 | AK14: 25802 | AL14: 23134 | AM14: 23920 | AN14: 26419 | AO14: 24941 | AP14: 29044 | AQ14: 26860 | AR14: 15012 | AS14: 11271 | AT14: 33805 | AU14: 33462 | AV14: 32331 | AW14: 30792 | AX14: 24348 | AY14: 27783 | AZ14: 27166 | BA14: 25347 | BB14: 29689 | BC14: 25270 | BD14: 14953 | BE14: 11018 | BF14: 30555 | BG14: 31661 | BH14: 30342 | BI14: 26910.774 | BJ14: 21892 | BK14: 27755 | BL14: 26572 | BM14: 23827 | BN14: 29083 | BO14: 24163 | BP14: 14935 | BQ14: 10283 | BR14: 27799 | BS14: 30206 | BT14: 28025 | BU14: 22874 | BV14: 21130 | BW14: 25968 | BX14: 24810 | BY14: 23984 | BZ14: 27256 | CA14: 21320 | CB14: 15839 | CC14: 10690 | CD14: 27959 | CE14: 30319 | CF14: 26856 | CG14: 24702 | CH14: 20536 | CI14: 24832 | CJ14: 26018 | CK14: 24636 | CL14: 25512 | CM14: 20453 | CN14: 16121 | CO14: 8555 | CP14: 27823 | CQ14: 29016 | CR14: 24302 | CS14: 26462 | CT14: 23265 | CU14: 23241 | CV14: 25454 | CW14: 25181 | CX14: 24991 | CY14: 23934 | CZ14: 15112 | DA14: 9295 | DB14: 27708 | DC14: 28222 | DD14: 26639 | DE14: 25421 | DF14: 20839 | DG14: 24308 | DH14: 23544 | DI14: 21687 | DJ14: 22167 | DK14: 19498 | DL14: 12808 | DM14: 8259 | DN14: 27012 | DO14: 24788 | DP14: 25963 | DQ14: 25432 | DR14: 19576 | DS14: 24706 | DT14: 23049 | DU14: 21615 | DV14: 24200 | DW14: 19686 | DX14: 11870 | DY14: 8583 | DZ14: 24695 | EA14: 25049 | EB14: 24940 | EC14: 22527 | ED14: 18629 | EE14: 23839 | EF14: 21526 | EG14: 10303 | EH14: 3353 | EI14: 3576 | EJ14: 3463 | EK14: 3376 | EL14: 3392 | EM14: 3823 | EN14: 4478 | EO14: 4125 | EP14: 3176 | EQ14: 1621 | ER14: 2957 | ES14: 4957 | ET14: 9224 | EU14: 6778 | EV14: 5644 | EW14: 3972 | EX14: 14495 | EY14: 15228 | EZ14: 12680 | FA14: 13750 | FB14: 9964 | FC14: 10684 | FD14: 13285 | FE14: 14986 | FF14: 13589 | FG14: 11574 | FH14: 5461 | FI14: ='Average Weekday Boardings'!FI14*20 -> 3772 | FJ14: ='Average Weekday Boardings'!FJ14*23 -> 12322 | FK14: ='Average Weekday Boardings'!FK14*21 -> 13934 | FL14: 12152 | FM14: 12988 | FN14: 10616 | FO14: 12479 | FP14: 12277 | FQ14: 13650 | FR14: 14177 | FS14: 14555 | FT14: 7114 | FU14: 4122 | FV14: 13584 | FW14: 13808 | FX14: 13605 | FY14: 14975 | FZ14: 11196 | GA14: 12565 | GB14: 14954 | GC14: 11898 | GD14: 14039 | GE14: 12643 | GF14: 5929 | GG14: 4417 | GH14: 15144 | GI14: 14930 | GJ14: 13997 | GK14: 13932 | GL14: 11610
A15: Indian School/Central Ave | C15: 20158 | D15: 25057 | E15: 25663 | F15: 28466 | G15: 25994 | H15: 20087 | I15: 24164 | J15: 28761 | K15: 27932 | L15: 30148 | M15: 27808 | N15: 28109 | O15: 26308 | P15: 28745 | Q15: 33120 | R15: 34622 | S15: 26329 | T15: 31680 | U15: 25577 | V15: 33489 | W15: 32885 | X15: 32843 | Y15: 30159 | Z15: 30456 | AA15: 32377 | AB15: 31847 | AC15: 36202 | AD15: 34524 | AE15: 32833 | AF15: 29929 | AG15: 26165 | AH15: 34836 | AI15: 34999 | AJ15: 33299 | AK15: 30516 | AL15: 31854 | AM15: 33839 | AN15: 34093 | AO15: 39485 | AP15: 39464 | AQ15: 38933 | AR15: 31516 | AS15: 30229 | AT15: 40515 | AU15: 34411 | AV15: 42726 | AW15: 38151 | AX15: 34734 | AY15: 37109 | AZ15: 36006 | BA15: 37592 | BB15: 41207 | BC15: 38365 | BD15: 30754 | BE15: 32296 | BF15: 37312 | BG15: 36867 | BH15: 42159 | BI15: 35075.307 | BJ15: 34036 | BK15: 40046 | BL15: 37684 | BM15: 39002 | BN15: 41782 | BO15: 37070 | BP15: 33135 | BQ15: 32826 | BR15: 37166 | BS15: 39208 | BT15: 43696 | BU15: 33812 | BV15: 38224 | BW15: 40158 | BX15: 36510 | BY15: 40748 | BZ15: 41778 | CA15: 34941 | CB15: 33842 | CC15: 32687 | CD15: 37860 | CE15: 40090 | CF15: 41792 | CG15: 34236 | CH15: 35984 | CI15: 39072 | CJ15: 39036 | CK15: 42556 | CL15: 41719 | CM15: 39211 | CN15: 37699 | CO15: 32097 | CP15: 41294 | CQ15: 40003 | CR15: 40562 | CS15: 35763 | CT15: 36352 | CU15: 37416 | CV15: 37424 | CW15: 42502 | CX15: 37039 | CY15: 38737 | CZ15: 33167 | DA15: 29040 | DB15: 37743 | DC15: 34005 | DD15: 40064 | DE15: 32568 | DF15: 31223 | DG15: 35151 | DH15: 32965 | DI15: 37010 | DJ15: 35673 | DK15: 34779 | DL15: 30144 | DM15: 26695 | DN15: 34253 | DO15: 29909 | DP15: 35552 | DQ15: 33236 | DR15: 29282 | DS15: 33809 | DT15: 30048 | DU15: 33045 | DV15: 32010 | DW15: 31275 | DX15: 25919 | DY15: 25669 | DZ15: 30429 | EA15: 29125 | EB15: 34130 | EC15: 28904 | ED15: 27874 | EE15: 30761 | EF15: 29096 | EG15: 23299 | EH15: 13485 | EI15: 12235 | EJ15: 12504 | EK15: 12152 | EL15: 11056 | EM15: 12332 | EN15: 12888 | EO15: 11025 | EP15: 9112 | EQ15: 4865 | ER15: 9380 | ES15: 11451 | ET15: 12684 | EU15: 10758 | EV15: 11940 | EW15: 10687 | EX15: 13040 | EY15: 13656 | EZ15: 14625 | FA15: 15124 | FB15: 14188 | FC15: 12590 | FD15: 15428 | FE15: 18702 | FF15: 16530 | FG15: 15269 | FH15: 12613 | FI15: ='Average Weekday Boardings'!FI15*20 -> 11776 | FJ15: ='Average Weekday Boardings'!FJ15*23 -> 14891 | FK15: ='Average Weekday Boardings'!FK15*21 -> 16463 | FL15: 16340 | FM15: 15116 | FN15: 14725 | FO15: 16330 | FP15: 15149 | FQ15: 19250 | FR15: 18179 | FS15: 18737 | FT15: 16498 | FU15: 14838 | FV15: 18424 | FW15: 16660 | FX15: 19111 | FY15: 18184 | FZ15: 16507 | GA15: 18096 | GB15: 19294 | GC15: 19738 | GD15: 19546 | GE15: 19110 | GF15: 16033 | GG15: 16753 | GH15: 18630 | GI15: 17781 | GJ15: 19387 | GK15: 16523 | GL15: 16202
A16: Osborn/Central Ave | C16: 14838 | D16: 18572 | E16: 18572 | F16: 19001 | G16: 17858 | H16: 14499 | I16: 14740 | J16: 17544 | K16: 15110 | L16: 16651 | M16: 15265 | N16: 17108 | O16: 14531 | P16: 17495 | Q16: 20158 | R16: 19122 | S16: 14195 | T16: 18737 | U16: 15114 | V16: 18687 | W16: 18781 | X16: 18436 | Y16: 18027 | Z16: 17309 | AA16: 18347 | AB16: 17826 | AC16: 20776 | AD16: 20495 | AE16: 19640 | AF16: 18148 | AG16: 16598 | AH16: 21626 | AI16: 20992 | AJ16: 21458 | AK16: 18604 | AL16: 19584 | AM16: 20362 | AN16: 20337 | AO16: 22823 | AP16: 22959 | AQ16: 23009 | AR16: 19792 | AS16: 18996 | AT16: 24011 | AU16: 19682 | AV16: 26535 | AW16: 22957 | AX16: 20362 | AY16: 22682 | AZ16: 22191 | BA16: 22809 | BB16: 23833 | BC16: 23299 | BD16: 17956 | BE16: 18664 | BF16: 21157 | BG16: 20677 | BH16: 23603 | BI16: 19335.404 | BJ16: 18631 | BK16: 21720 | BL16: 20362 | BM16: 23262 | BN16: 23077 | BO16: 20252 | BP16: 19363 | BQ16: 19263 | BR16: 19602 | BS16: 20868 | BT16: 23357 | BU16: 17668 | BV16: 19823 | BW16: 21897 | BX16: 20336 | BY16: 22258 | BZ16: 22343 | CA16: 19879 | CB16: 19755 | CC16: 18938 | CD16: 19644 | CE16: 21617 | CF16: 24168 | CG16: 19487 | CH16: 20092 | CI16: 20575 | CJ16: 22254 | CK16: 25719 | CL16: 25069 | CM16: 23403 | CN16: 22986 | CO16: 19850 | CP16: 25123 | CQ16: 23477 | CR16: 25147 | CS16: 22619 | CT16: 23012 | CU16: 22981 | CV16: 22593 | CW16: 25383 | CX16: 22521 | CY16: 23065 | CZ16: 21262 | DA16: 18234 | DB16: 22452 | DC16: 20212 | DD16: 22864 | DE16: 19659 | DF16: 18604 | DG16: 21166 | DH16: 19477 | DI16: 23050 | DJ16: 22081 | DK16: 21721 | DL16: 18418 | DM16: 17165 | DN16: 20199 | DO16: 17526 | DP16: 21351 | DQ16: 19580 | DR16: 17229 | DS16: 20687 | DT16: 17694 | DU16: 20135 | DV16: 20115 | DW16: 19464 | DX16: 16628 | DY16: 16577 | DZ16: 18519 | EA16: 18390 | EB16: 21027 | EC16: 17298 | ED16: 16677 | EE16: 17954 | EF16: 17258 | EG16: 13814 | EH16: 8076 | EI16: 7793 | EJ16: 8320 | EK16: 8248 | EL16: 7475 | EM16: 7707 | EN16: 8013 | EO16: 7544 | EP16: 5775 | EQ16: 2838 | ER16: 6048 | ES16: 7241 | ET16: 7818 | EU16: 7039 | EV16: 7900 | EW16: 7304 | EX16: 8196 | EY16: 7995 | EZ16: 7966 | FA16: 8453 | FB16: 8044 | FC16: 7132 | FD16: 8333 | FE16: 9994 | FF16: 9321 | FG16: 8909 | FH16: 7563 | FI16: ='Average Weekday Boardings'!FI16*20 -> 6753 | FJ16: ='Average Weekday Boardings'!FJ16*23 -> 8506 | FK16: ='Average Weekday Boardings'!FK16*21 -> 8504 | FL16: 8627 | FM16: 8188 | FN16: 7916 | FO16: 9075 | FP16: 8630 | FQ16: 10875 | FR16: 9792 | FS16: 10653 | FT16: 10410 | FU16: 9260 | FV16: 10629 | FW16: 9046 | FX16: 10442 | FY16: 9920 | FZ16: 9303 | GA16: 10692 | GB16: 10678 | GC16: 10278 | GD16: 10506 | GE16: 10431 | GF16: 9225 | GG16: 9778 | GH16: 10792 | GI16: 10043 | GJ16: 11260 | GK16: 9636 | GL16: 9423
A17: Thomas/Central Ave | C17: 24125 | D17: 28679 | E17: 28733 | F17: 31515 | G17: 28905 | H17: 28606 | I17: 26977 | J17: 30109 | K17: 31021 | L17: 34547 | M17: 30206 | N17: 31538 | O17: 30147 | P17: 32251 | Q17: 37160 | R17: 39674 | S17: 30138 | T17: 34831 | U17: 26625 | V17: 35299 | W17: 35211 | X17: 34371 | Y17: 32552 | Z17: 31989 | AA17: 34846 | AB17: 34347 | AC17: 37313 | AD17: 38314 | AE17: 32854 | AF17: 32869 | AG17: 27918 | AH17: 38179 | AI17: 37154 | AJ17: 36594 | AK17: 31244 | AL17: 30842 | AM17: 33158 | AN17: 33488 | AO17: 36999 | AP17: 38464 | AQ17: 37421 | AR17: 31912 | AS17: 29577 | AT17: 39297 | AU17: 36547 | AV17: 43144 | AW17: 36799 | AX17: 32389 | AY17: 35913 | AZ17: 34834 | BA17: 35690 | BB17: 39306 | BC17: 37004 | BD17: 30365 | BE17: 29769 | BF17: 36610 | BG17: 35556 | BH17: 40209 | BI17: 33326.989 | BJ17: 30658 | BK17: 37600 | BL17: 35309 | BM17: 37900 | BN17: 40190 | BO17: 35700 | BP17: 32806 | BQ17: 29676 | BR17: 33395 | BS17: 36260 | BT17: 39741 | BU17: 30238 | BV17: 33866 | BW17: 36934 | BX17: 33456 | BY17: 36725 | BZ17: 37559 | CA17: 33157 | CB17: 31639 | CC17: 30378 | CD17: 35242 | CE17: 37384 | CF17: 38524 | CG17: 32400 | CH17: 33643 | CI17: 35314 | CJ17: 36427 | CK17: 40692 | CL17: 39841 | CM17: 36358 | CN17: 34666 | CO17: 28936 | CP17: 38238 | CQ17: 37821 | CR17: 37522 | CS17: 33630 | CT17: 33994 | CU17: 34646 | CV17: 35189 | CW17: 40326 | CX17: 36294 | CY17: 37740 | CZ17: 32909 | DA17: 27719 | DB17: 37562 | DC17: 33768 | DD17: 37250 | DE17: 33253 | DF17: 31676 | DG17: 35694 | DH17: 34756 | DI17: 37887 | DJ17: 37005 | DK17: 36558 | DL17: 30035 | DM17: 28531 | DN17: 35706 | DO17: 31891 | DP17: 37526 | DQ17: 34727 | DR17: 30701 | DS17: 36024 | DT17: 32696 | DU17: 34560 | DV17: 34803 | DW17: 31995 | DX17: 30120 | DY17: 29812 | DZ17: 34686 | EA17: 33325 | EB17: 37506 | EC17: 32547 | ED17: 29812 | EE17: 32576 | EF17: 32030 | EG17: 24133 | EH17: 13420 | EI17: 12163 | EJ17: 13453 | EK17: 11937 | EL17: 11767 | EM17: 12147 | EN17: 13165 | EO17: 13551 | EP17: 9645 | EQ17: 4758 | ER17: 10119 | ES17: 12364 | ET17: 13945 | EU17: 12294 | EV17: 13919 | EW17: 13141 | EX17: 15337 | EY17: 15765 | EZ17: 15883 | FA17: 16734 | FB17: 15628 | FC17: 14176 | FD17: 17251 | FE17: 21263 | FF17: 19557 | FG17: 17124 | FH17: 13985 | FI17: ='Average Weekday Boardings'!FI17*20 -> 13529 | FJ17: ='Average Weekday Boardings'!FJ17*23 -> 17570 | FK17: ='Average Weekday Boardings'!FK17*21 -> 17900 | FL17: 17997 | FM17: 16964 | FN17: 16105 | FO17: 18160 | FP17: 17311 | FQ17: 21753 | FR17: 19875 | FS17: 21661 | FT17: 19406 | FU17: 16027 | FV17: 18922 | FW17: 18154 | FX17: 21496 | FY17: 19847 | FZ17: 17679 | GA17: 20249 | GB17: 21733 | GC17: 21146 | GD17: 21558 | GE17: 21665 | GF17: 18420 | GG17: 19093 | GH17: 21363 | GI17: 20688 | GJ17: 22843 | GK17: 18945 | GL17: 17512
A18: Encanto/Central Ave | C18: 9040 | D18: 10356 | E18: 11569 | F18: 12190 | G18: 9988 | H18: 9621 | I18: 8607 | J18: 10244 | K18: 10223 | L18: 10514 | M18: 9826 | N18: 10085 | O18: 9175 | P18: 10313 | Q18: 11883 | R18: 12075 | S18: 8881 | T18: 11372 | U18: 8773 | V18: 10015 | W18: 10433 | X18: 11459 | Y18: 9491 | Z18: 9811 | AA18: 10356 | AB18: 10682 | AC18: 12865 | AD18: 11631 | AE18: 10592 | AF18: 9729 | AG18: 8913 | AH18: 10988 | AI18: 11078 | AJ18: 11285 | AK18: 9245 | AL18: 9755 | AM18: 10424 | AN18: 11301 | AO18: 12713 | AP18: 13001 | AQ18: 12565 | AR18: 10675 | AS18: 9742 | AT18: 11777 | AU18: 10697 | AV18: 14103 | AW18: 11795 | AX18: 10977 | AY18: 11367 | AZ18: 11979 | BA18: 12957 | BB18: 13447 | BC18: 13288 | BD18: 10284 | BE18: 10734 | BF18: 11077 | BG18: 11015 | BH18: 12783 | BI18: 10761.283 | BJ18: 10181 | BK18: 11607 | BL18: 11667 | BM18: 12985 | BN18: 12363 | BO18: 10810 | BP18: 10139 | BQ18: 9545 | BR18: 9892 | BS18: 10860 | BT18: 12700 | BU18: 9745 | BV18: 11186 | BW18: 12480 | BX18: 11043 | BY18: 13613 | BZ18: 12243 | CA18: 10627 | CB18: 9945 | CC18: 9783 | CD18: 10579 | CE18: 11915 | CF18: 13096 | CG18: 10873 | CH18: 11629 | CI18: 11283 | CJ18: 12424 | CK18: 14928 | CL18: 14244 | CM18: 12746 | CN18: 12050 | CO18: 10595 | CP18: 13888 | CQ18: 12999 | CR18: 12702 | CS18: 11802 | CT18: 11637 | CU18: 11897 | CV18: 12266 | CW18: 14876 | CX18: 12687 | CY18: 12445 | CZ18: 10995 | DA18: 9689 | DB18: 11840 | DC18: 10592 | DD18: 12010 | DE18: 9589 | DF18: 9080 | DG18: 11005 | DH18: 10602 | DI18: 12108 | DJ18: 11313 | DK18: 10638 | DL18: 9259 | DM18: 8686 | DN18: 10191 | DO18: 9298 | DP18: 12181 | DQ18: 11218 | DR18: 9762 | DS18: 11219 | DT18: 10123 | DU18: 11514 | DV18: 3169 | DW18: 9224 | DX18: 9405 | DY18: 8991 | DZ18: 10686 | EA18: 9601 | EB18: 11577 | EC18: 10403 | ED18: 9599 | EE18: 10770 | EF18: 10333 | EG18: 7622 | EH18: 3881 | EI18: 3780 | EJ18: 3729 | EK18: 3783 | EL18: 3582 | EM18: 4086 | EN18: 4262 | EO18: 4291 | EP18: 3355 | EQ18: 1737 | ER18: 3220 | ES18: 4242 | ET18: 4687 | EU18: 3905 | EV18: 4402 | EW18: 4177 | EX18: 4893 | EY18: 4537 | EZ18: 4676 | FA18: 5211 | FB18: 4993 | FC18: 3958 | FD18: 4925 | FE18: 6349 | FF18: 5561 | FG18: 5066 | FH18: 4194 | FI18: ='Average Weekday Boardings'!FI18*20 -> 3892 | FJ18: ='Average Weekday Boardings'!FJ18*23 -> 5130 | FK18: ='Average Weekday Boardings'!FK18*21 -> 4969 | FL18: 4953 | FM18: 4708 | FN18: 4568 | FO18: 5230 | FP18: 5154 | FQ18: 7073 | FR18: 6078 | FS18: 6465 | FT18: 5767 | FU18: 4626 | FV18: 5413 | FW18: 5413 | FX18: 7028 | FY18: 6257 | FZ18: 5574 | GA18: 6195 | GB18: 6299 | GC18: 6557 | GD18: 6472 | GE18: 5876 | GF18: 5283 | GG18: 5423 | GH18: 6178 | GI18: 6022 | GJ18: 6975 | GK18: 5770 | GL18: 5410
A19: McDowell/Central Ave | C19: 27127 | D19: 29753 | E19: 27142 | F19: 20046 | G19: 31373 | H19: 24869 | I19: 32392 | J19: 38555 | K19: 33366 | L19: 37551 | M19: 38224 | N19: 34692 | O19: 32769 | P19: 33477 | Q19: 38573 | R19: 42134 | S19: 31993 | T19: 37964 | U19: 31601 | V19: 39175 | W19: 38733 | X19: 37851 | Y19: 34371 | Z19: 36001 | AA19: 37574 | AB19: 34613 | AC19: 40725 | AD19: 39196 | AE19: 35436 | AF19: 32984 | AG19: 29236 | AH19: 39673 | AI19: 38791 | AJ19: 38759 | AK19: 33437 | AL19: 34407 | AM19: 36026 | AN19: 35002 | AO19: 39588 | AP19: 40160 | AQ19: 40370 | AR19: 34578 | AS19: 32854 | AT19: 41321 | AU19: 37469 | AV19: 46841 | AW19: 38981 | AX19: 35313 | AY19: 39000 | AZ19: 38051 | BA19: 39535 | BB19: 42315 | BC19: 39920 | BD19: 34214 | BE19: 36354 | BF19: 41029 | BG19: 39714 | BH19: 44429 | BI19: 36367.629 | BJ19: 34923 | BK19: 40874 | BL19: 38298 | BM19: 40664 | BN19: 43502 | BO19: 39076 | BP19: 36439 | BQ19: 36520 | BR19: 38329 | BS19: 40787 | BT19: 47347 | BU19: 34753 | BV19: 38522 | BW19: 41475 | BX19: 38220 | BY19: 43301 | BZ19: 42222 | CA19: 36721 | CB19: 37654 | CC19: 37363 | CD19: 38937 | CE19: 43795 | CF19: 45524 | CG19: 36530 | CH19: 38591 | CI19: 39390 | CJ19: 40958 | CK19: 46168 | CL19: 43885 | CM19: 41613 | CN19: 40883 | CO19: 36426 | CP19: 45231 | CQ19: 42485 | CR19: 42255 | CS19: 37159 | CT19: 36252 | CU19: 38351 | CV19: 37275 | CW19: 45854 | CX19: 38423 | CY19: 41428 | CZ19: 38145 | DA19: 28587 | DB19: 30148 | DC19: 26253 | DD19: 29955 | DE19: 25615 | DF19: 24463 | DG19: 27341 | DH19: 25438 | DI19: 28420 | DJ19: 27543 | DK19: 26426 | DL19: 25619 | DM19: 29612 | DN19: 38141 | DO19: 32851 | DP19: 41102 | DQ19: 35712 | DR19: 30940 | DS19: 37037 | DT19: 33762 | DU19: 34590 | DV19: 36347 | DW19: 34076 | DX19: 30049 | DY19: 30761 | DZ19: 34368 | EA19: 33818 | EB19: 38983 | EC19: 32063 | ED19: 29634 | EE19: 33892 | EF19: 32363 | EG19: 23786 | EH19: 11613 | EI19: 10490 | EJ19: 11618 | EK19: 10205 | EL19: 9772 | EM19: 10397 | EN19: 11515 | EO19: 12786 | EP19: 8349 | EQ19: 4506 | ER19: 9192 | ES19: 12889 | ET19: 11394 | EU19: 10450 | EV19: 12491 | EW19: 12397 | EX19: 13969 | EY19: 15158 | EZ19: 15584 | FA19: 16138 | FB19: 14998 | FC19: 13499 | FD19: 16762 | FE19: 20750 | FF19: 18363 | FG19: 16761 | FH19: 14337 | FI19: ='Average Weekday Boardings'!FI19*20 -> 13970 | FJ19: ='Average Weekday Boardings'!FJ19*23 -> 17738 | FK19: ='Average Weekday Boardings'!FK19*21 -> 17957 | FL19: 17861 | FM19: 16403 | FN19: 16357 | FO19: 18324 | FP19: 17892 | FQ19: 21415 | FR19: 19938 | FS19: 20794 | FT19: 19435 | FU19: 16796 | FV19: 20028 | FW19: 18850 | FX19: 22179 | FY19: 19585 | FZ19: 17431 | GA19: 20527 | GB19: 22225 | GC19: 21967 | GD19: 21802 | GE19: 22346 | GF19: 21197 | GG19: 23269 | GH19: 24413 | GI19: 23128 | GJ19: 23396 | GK19: 18640 | GL19: 18047
A20: Roosevelt/Central Ave | C20: 12298 | D20: 26784 | E20: 33418 | F20: 41052 | G20: 30622 | H20: 34631 | I20: 40778 | J20: 48536 | K20: 46932 | L20: 53387 | M20: 47578 | N20: 35891 | O20: 46588 | P20: 41040 | Q20: 47287 | R20: 61309 | S20: 46379 | T20: 17959 | U20: 14073 | V20: 17388 | W20: 17968 | X20: 18368 | Y20: 16495 | Z20: 17132 | AA20: 17951 | AB20: 17137 | AC20: 20781 | AD20: 20248 | AE20: 17854 | AF20: 17726 | AG20: 15564 | AH20: 19484 | AI20: 18903 | AJ20: 18656 | AK20: 15635 | AL20: 15770 | AM20: 16591 | AN20: 17932 | AO20: 19941 | AP20: 19799 | AQ20: 18257 | AR20: 15710 | AS20: 15261 | AT20: 19224 | AU20: 17928 | AV20: 22073 | AW20: 19101 | AX20: 17274 | AY20: 17811 | AZ20: 17430 | BA20: 19645 | BB20: 21429 | BC20: 20386 | BD20: 16068 | BE20: 16774 | BF20: 19076 | BG20: 19100 | BH20: 22637 | BI20: 18825.94 | BJ20: 18407 | BK20: 21682 | BL20: 19801 | BM20: 27844 | BN20: 21945 | BO20: 20132 | BP20: 19022 | BQ20: 17823 | BR20: 19889 | BS20: 21430 | BT20: 24647 | BU20: 17939 | BV20: 19020 | BW20: 21974 | BX20: 21372 | BY20: 24837 | BZ20: 24430 | CA20: 19994 | CB20: 20346 | CC20: 20647 | CD20: 22280 | CE20: 23075 | CF20: 25104 | CG20: 21531 | CH20: 21555 | CI20: 18913 | CJ20: 21933 | CK20: 25555 | CL20: 23533 | CM20: 21566 | CN20: 21342 | CO20: 19351 | CP20: 24073 | CQ20: 22305 | CR20: 22682 | CS20: 19533 | CT20: 20168 | CU20: 20321 | CV20: 21268 | CW20: 28456 | CX20: 22645 | CY20: 23588 | CZ20: 21388 | DA20: 18961 | DB20: 25178 | DC20: 21813 | DD20: 24322 | DE20: 20233 | DF20: 19191 | DG20: 21489 | DH20: 20660 | DI20: 23780 | DJ20: 22454 | DK20: 22024 | DL20: 19475 | DM20: 18801 | DN20: 22652 | DO20: 18642 | DP20: 23187 | DQ20: 20483 | DR20: 18400 | DS20: 21153 | DT20: 18951 | DU20: 21265 | DV20: 21411 | DW20: 19935 | DX20: 17478 | DY20: 16752 | DZ20: 19332 | EA20: 18080 | EB20: 21276 | EC20: 18940 | ED20: 17630 | EE20: 20316 | EF20: 19360 | EG20: 15623 | EH20: 8198 | EI20: 7863 | EJ20: 7612 | EK20: 7395 | EL20: 7098 | EM20: 7680 | EN20: 8279 | EO20: 9140 | EP20: 6394 | EQ20: 3285 | ER20: 6618 | ES20: 7940 | ET20: 8741 | EU20: 8141 | EV20: 9597 | EW20: 8780 | EX20: 10103 | EY20: 10138 | EZ20: 10872 | FA20: 10621 | FB20: 10779 | FC20: 9152 | FD20: 11842 | FE20: 15461 | FF20: 17359 | FG20: 15911 | FH20: 11734 | FI20: ='Average Weekday Boardings'!FI20*20 -> 9395 | FJ20: ='Average Weekday Boardings'!FJ20*23 -> 11967 | FK20: ='Average Weekday Boardings'!FK20*21 -> 12338 | FL20: 12339 | FM20: 11416 | FN20: 10681 | FO20: 11841 | FP20: 14992 | FQ20: 15812 | FR20: 14265 | FS20: 15506 | FT20: 13620 | FU20: 11798 | FV20: 13060 | FW20: 12413 | FX20: 16173 | FY20: 14466 | FZ20: 13399 | GA20: 16090 | GB20: 15916 | GC20: 15622 | GD20: 16373 | GE20: 15276 | GF20: 13779 | GG20: 14529 | GH20: 15397 | GI20: 14399 | GJ20: 15521 | GK20: 13510 | GL20: 12596
A21: WB Van Buren/Central Ave | C21: 24603 | D21: 25369 | E21: 27342 | F21: 29736 | G21: 20738 | H21: 27025 | I21: 21317 | J21: 23372 | K21: 21677 | L21: 23539 | M21: 22797 | N21: 22865 | O21: 20541 | P21: 23382 | Q21: 26941 | R21: 27032 | S21: 20159 | T21: 23699 | U21: 20111 | V21: 32707 | W21: 41457 | X21: 38841 | Y21: 32973 | Z21: 24963 | AA21: 30492 | AB21: 33213 | AC21: 35815 | AD21: 33569 | AE21: 23063 | AF21: 23012 | AG21: 21259 | AH21: 36248 | AI21: 43618 | AJ21: 40912 | AK21: 34090 | AL21: 25257 | AM21: 41351 | AN21: 40805 | AO21: 44419 | AP21: 46072 | AQ21: 44073 | AR21: 38459 | AS21: 36395 | AT21: 48826 | AU21: 36517 | AV21: 53437 | AW21: 46202 | AX21: 40296 | AY21: 45184 | AZ21: 43855 | BA21: 44601 | BB21: 49063 | BC21: 44240 | BD21: 37369 | BE21: 39123 | BF21: 48300 | BG21: 48182 | BH21: 52837 | BI21: 43067.327 | BJ21: 40326 | BK21: 47884 | BL21: 44814 | BM21: 47197 | BN21: 49381 | BO21: 44607 | BP21: 40462 | BQ21: 39990 | BR21: 45713 | BS21: 48232 | BT21: 53388 | BU21: 40057 | BV21: 42848 | BW21: 46958 | BX21: 43489 | BY21: 47464 | BZ21: 47413 | CA21: 39164 | CB21: 40157 | CC21: 39927 | CD21: 44167 | CE21: 50147 | CF21: 51019 | CG21: 42311 | CH21: 42828 | CI21: 42555 | CJ21: 46094 | CK21: 50044 | CL21: 49871 | CM21: 24197 | CN21: 45848 | CO21: 40153 | CP21: 55307 | CQ21: 51487 | CR21: 50548 | CS21: 49496 | CT21: 46875 | CU21: 49811 | CV21: 47395 | CW21: 53292 | CX21: 46820 | CY21: 47200 | CZ21: 43412 | DA21: 22106 | DB21: 50091 | DC21: 44137 | DD21: 48793 | DE21: 41942 | DF21: 38982 | DG21: 45258 | DH21: 42627 | DI21: 45930 | DJ21: 45979 | DK21: 43348 | DL21: 38799 | DM21: 38203 | DN21: 48512 | DO21: 42153 | DP21: 50373 | DQ21: 44109 | DR21: 36913 | DS21: 44960 | DT21: 41003 | DU21: 42036 | DV21: 25710 | DW21: 40028 | DX21: 34352 | DY21: 35639 | DZ21: 41755 | EA21: 41732 | EB21: 46271 | EC21: 37776 | ED21: 32880 | EE21: 36578 | EF21: 36091 | EG21: 27863 | EH21: 15883 | EI21: 13833 | EJ21: 13862 | EK21: 13608 | EL21: 13489 | EM21: 13591 | EN21: 14792 | EO21: 12465 | EP21: 9286 | EQ21: 5406 | ER21: 5360 | ES21: 13656 | ET21: 13314 | EU21: 11723 | EV21: 12965 | EW21: 12078 | EX21: 15259 | EY21: 16938 | EZ21: 16212 | FA21: 16782 | FB21: 15023 | FC21: 13947 | FD21: 17456 | FE21: 20568 | FF21: 10384 | FG21: 13174 | FH21: 21045 | FI21: ='Average Weekday Boardings'!FI21*20 -> 12635 | FJ21: ='Average Weekday Boardings'!FJ21*23 -> 11145 | FK21: ='Average Weekday Boardings'!FK21*21 -> 12587 | FL21: 11617 | FM21: 10615 | FN21: 9026 | FO21: 11781 | FP21: 9809 | FQ21: 13016 | FR21: 11781 | FS21: 11022 | FT21: 10694 | FU21: 9134 | FV21: 12298 | FW21: 11656 | FX21: 13174 | FY21: 12230 | FZ21: 9665 | GA21: 10317 | GB21: 12775 | GC21: 11413 | GD21: 11853 | GE21: 11266 | GF21: 9532 | GG21: 10521 | GH21: 12099 | GI21: 12085 | GJ21: 12966 | GK21: 10876 | GL21: 9513
... A32: 44th St/Washington | C32: 27145 | D32: 33388 | E32: 31489 | F32: 40502 | G32: 29799 | H32: 38340 | I32: 29321 | J32: 34900 | K32: 46873 | L32: 51993 | M32: 46340 | N32: 33702 | O32: 45370 | P32: 34464 | Q32: 39710 | R32: 59708 | S32: 54979 | T32: 22877 | U32: 16937 | V32: 21037 | W32: 23667 | X32: 23849 | Y32: 20945 | Z32: 21262 | AA32: 21644 | AB32: 22781 | AC32: 25872 | AD32: 25686 | AE32: 22412 | AF32: 23467 | AG32: 20122 | AH32: 27632 | AI32: 26627 | AJ32: 25886 | AK32: 21123 | AL32: 21063 | AM32: 23426 | AN32: 23605 | AO32: 26869 | AP32: 27929 | AQ32: 26133 | AR32: 23612 | AS32: 21381 | AT32: 27013 | AU32: 27292 | AV32: 33263 | AW32: 26379 | AX32: 22804 | AY32: 26229 | AZ32: 24781 | BA32: 26145 | BB32: 33274 | BC32: 29090 | BD32: 24566 | BE32: 28278 | BF32: 30209 | BG32: 30533 | BH32: 35341 | BI32: 27741.049 | BJ32: 26430 | BK32: 31415 | BL32: 29123 | BM32: 33400 | BN32: 34733 | BO32: 28231 | BP32: 27712 | BQ32: 26898 | BR32: 28104 | BS32: 32235 | BT32: 35951 | BU32: 25394 | BV32: 30110 | BW32: 34642 | BX32: 29330 | BY32: 33535 | BZ32: 34163 | CA32: 28425 | CB32: 28548 | CC32: 27672 | CD32: 31798 | CE32: 44162 | CF32: 51016 | CG32: 39837 | CH32: 42947 | CI32: 39727 | CJ32: 42234 | CK32: 51072 | CL32: 45754 | CM32: 43797 | CN32: 43801 | CO32: 38428 | CP32: 45476 | CQ32: 41978 | CR32: 43685 | CS32: 37151 | CT32: 39555 | CU32: 40910 | CV32: 39100 | CW32: 49726 | CX32: 41851 | CY32: 43532 | CZ32: 41782 | DA32: 35619 | DB32: 43903 | DC32: 38210 | DD32: 44900 | DE32: 38201 | DF32: 37548 | DG32: 41507 | DH32: 37946 | DI32: 44081 | DJ32: 42144 | DK32: 43272 | DL32: 38447 | DM32: 38777 | DN32: 43773 | DO32: 37243 | DP32: 45338 | DQ32: 40932 | DR32: 37433 | DS32: 44598 | DT32: 39840 | DU32: 41208 | DV32: 40182 | DW32: 36168 | DX32: 36550 | DY32: 39556 | DZ32: 42717 | EA32: 37048 | EB32: 43553 | EC32: 36895 | ED32: 37772 | EE32: 39988 | EF32: 38135 | EG32: 31077 | EH32: 17264 | EI32: 15191 | EJ32: 16404 | EK32: 17014 | EL32: 16702 | EM32: 16648 | EN32: 17912 | EO32: 20182 | EP32: 13829 | EQ32: 7239 | ER32: 14098 | ES32: 18635 | ET32: 18209 | EU32: 16666 | EV32: 19869 | EW32: 19356 | EX32: 19601 | EY32: 19204 | EZ32: 20954 | FA32: 22033 | FB32: 21537 | FC32: 18821 | FD32: 22750 | FE32: 29116 | FF32: 24503 | FG32: 20768 | FH32: 18570 | FI32: ='Average Weekday Boardings'!FI32*20 -> 18696 | FJ32: ='Average Weekday Boardings'!FJ32*23 -> 21640 | FK32: ='Average Weekday Boardings'!FK32*21 -> 21094 | FL32: 22528 | FM32: 20818 | FN32: 20810 | FO32: 23473 | FP32: 20642 | FQ32: 28791 | FR32: 24624 | FS32: 25975 | FT32: 24404 | FU32: 22342 | FV32: 27333 | FW32: 22731 | FX32: 28436 | FY32: 25659 | FZ32: 22564 | GA32: 26934 | GB32: 27499 | GC32: 28028 | GD32: 27499 | GE32: 27525 | GF32: 26829 | GG32: 26175 | GH32: 26435 | GI32: 25237 | GJ32: 28286 | GK32: 25189 | GL32: 24713
A33: 50th St/Washington | DV33: 982 | DW33: 5288 | DX33: 5117 | DY33: 5945 | DZ33: 6261 | EA33: 6007 | EB33: 9141 | EC33: 8784 | ED33: 9041 | EE33: 9779 | EF33: 8799 | EG33: 7736 | EH33: 5088 | EI33: 4765 | EJ33: 5348 | EK33: 5786 | EL33: 4674 | EM33: 4849 | EN33: 5686 | EO33: 4985 | EP33: 3378 | EQ33: 2265 | ER33: 4119 | ES33: 3712 | ET33: 22427 | EU33: 4094 | EV33: 4771 | EW33: 4848 | EX33: 5422 | EY33: 4968 | EZ33: 5377 | FA33: 5186 | FB33: 5095 | FC33: 4471 | FD33: 5263 | FE33: 6652 | FF33: 5976 | FG33: 12355 | FH33: 5180 | FI33: ='Average Weekday Boardings'!FI33*20 -> 4776 | FJ33: ='Average Weekday Boardings'!FJ33*23 -> 5718 | FK33: ='Average Weekday Boardings'!FK33*21 -> 5864 | FL33: 5790 | FM33: 5540 | FN33: 5427 | FO33: 6547 | FP33: 5947 | FQ33: 7847 | FR33: 7003 | FS33: 7111 | FT33: 6678 | FU33: 6089 | FV33: 6779 | FW33: 5768 | FX33: 6755 | FY33: 6067 | FZ33: 5491 | GA33: 6604 | GB33: 6583 | GC33: 6531 | GD33: 6626 | GE33: 6703 | GF33: 5501 | GG33: 5794 | GH33: 6046 | GI33: 6156 | GJ33: 7021 | GK33: 7663 | GL33: 7363
A34: Priest Dr/Washington St | C34: 17189 | D34: 18938 | E34: 18938 | F34: 28479 | G34: 29079 | H34: 19311 | I34: 21980 | J34: 26801 | K34: 19414 | L34: 19643 | M34: 16556 | N34: 21018 | O34: 13912 | P34: 24102 | Q34: 27771 | R34: 19345 | S34: 14810 | T34: 45869 | U34: 34449 | V34: 33157 | W34: 34136 | X34: 35298 | Y34: 33274 | Z34: 34524 | AA34: 34558 | AB34: 34143 | AC34: 42005 | AD34: 38862 | AE34: 35586 | AF34: 35106 | AG34: 33277 | AH34: 38491 | AI34: 38091 | AJ34: 39273 | AK34: 33566 | AL34: 35885 | AM34: 37429 | AN34: 36651 | AO34: 42536 | AP34: 42914 | AQ34: 41275 | AR34: 39285 | AS34: 36302 | AT34: 44321 | AU34: 38614 | AV34: 50204 | AW34: 42375 | AX34: 37799 | AY34: 42162 | AZ34: 40871 | BA34: 45223 | BB34: 46684 | BC34: 43398 | BD34: 35464 | BE34: 37904 | BF34: 39984 | BG34: 40818 | BH34: 45376 | BI34: 38927.053 | BJ34: 37776 | BK34: 42857 | BL34: 40373 | BM34: 47251 | BN34: 45979 | BO34: 40775 | BP34: 38439 | BQ34: 37401 | BR34: 40065 | BS34: 43392 | BT34: 47913 | BU34: 35996 | BV34: 41697 | BW34: 44440 | BX34: 39345 | BY34: 45247 | BZ34: 44814 | CA34: 38609 | CB34: 39833 | CC34: 38123 | CD34: 34678 | CE34: 21424 | CF34: 22906 | CG34: 18767 | CH34: 20364 | CI34: 18300 | CJ34: 19544 | CK34: 22622 | CL34: 20711 | CM34: 19651 | CN34: 19229 | CO34: 17506 | CP34: 21660 | CQ34: 19892 | CR34: 20695 | CS34: 18252 | CT34: 19156 | CU34: 19586 | CV34: 18875 | CW34: 22466 | CX34: 20525 | CY34: 21667 | CZ34: 20508 | DA34: 17244 | DB34: 21386 | DC34: 19415 | DD34: 23552 | DE34: 21726 | DF34: 22350 | DG34: 23919 | DH34: 22451 | DI34: 25459 | DJ34: 24978 | DK34: 23539 | DL34: 21844 | DM34: 20999 | DN34: 24466 | DO34: 21009 | DP34: 26734 | DQ34: 24582 | DR34: 21560 | DS34: 25110 | DT34: 21904 | DU34: 23422 | DV34: 6358 | DW34: 21519 | DX34: 20613 | DY34: 20962 | DZ34: 23100 | EA34: 22200 | EB34: 26930 | EC34: 23436 | ED34: 22191 | EE34: 22887 | EF34: 22478 | EG34: 18921 | EH34: 12094 | EI34: 9852 | EJ34: 9851 | EK34: 9655 | EL34: 9560 | EM34: 9596 | EN34: 11345 | EO34: 9950 | EP34: 8318 | EQ34: 4384 | ER34: 8712 | ES34: 10029 | ET34: 10159 | EU34: 8814 | EV34: 9738 | EW34: 9665 | EX34: 9926 | EY34: 10745 | EZ34: 10661 | FA34: 10820 | FB34: 10058 | FC34: 9128 | FD34: 11218 | FE34: 13395 | FF34: 11489 | FG34: 10622 | FH34: 9625 | FI34: ='Average Weekday Boardings'!FI34*20 -> 9813 | FJ34: ='Average Weekday Boardings'!FJ34*23 -> 10736 | FK34: ='Average Weekday Boardings'!FK34*21 -> 10741 | FL34: 10982 | FM34: 11129 | FN34: 11084 | FO34: 12899 | FP34: 10360 | FQ34: 16042 | FR34: 13785 | FS34: 14445 | FT34: 13391 | FU34: 12766 | FV34: 14531 | FW34: 12045 | FX34: 15227 | FY34: 13771 | FZ34: 13392 | GA34: 14113 | GB34: 13705 | GC34: 13748 | GD34: 13688 | GE34: 12220 | GF34: 11122 | GG34: 12205 | GH34: 12754 | GI34: 11984 | GJ34: 13371 | GK34: 11065 | GL34: 10208
A35: Center Pkwy/Washington St | C35: 6425 | D35: 7493 | E35: 4854 | F35: 3070 | G35: 6645 | H35: 6005 | I35: 4795 | J35: 5707 | K35: 7292 | L35: 7375 | M35: 5906 | N35: 5980 | O35: 5223 | P35: 6858 | Q35: 7902 | R35: 7263 | S35: 5253 | T35: 3827 | U35: 3256 | V35: 4702 | W35: 6246 | X35: 5931 | Y35: 5139 | Z35: 4391 | AA35: 5233 | AB35: 6087 | AC35: 6513 | AD35: 6437 | AE35: 4695 | AF35: 4133 | AG35: 3726 | AH35: 5463 | AI35: 7296 | AJ35: 7214 | AK35: 5859 | AL35: 4560 | AM35: 6358 | AN35: 5972 | AO35: 5871 | AP35: 6116 | AQ35: 4647 | AR35: 4083 | AS35: 3668 | AT35: 5619 | AU35: 6425 | AV35: 8197 | AW35: 6547 | AX35: 5170 | AY35: 6579 | AZ35: 6564 | BA35: 6404 | BB35: 7812 | BC35: 4976 | BD35: 3731 | BE35: 4100 | BF35: 5411 | BG35: 6974 | BH35: 8336 | BI35: 6689.6099 | BJ35: 5152 | BK35: 7180 | BL35: 7367 | BM35: 7501 | BN35: 7910 | BO35: 5593 | BP35: 4695 | BQ35: 4097 | BR35: 6546 | BS35: 8967 | BT35: 9462 | BU35: 7349 | BV35: 5664 | BW35: 7203 | BX35: 7017 | BY35: 7084 | BZ35: 8182 | CA35: 4441 | CB35: 4268 | CC35: 4048 | CD35: 5589 | CE35: 7449 | CF35: 7931 | CG35: 6051 | CH35: 5445 | CI35: 5537 | CJ35: 6338 | CK35: 6974 | CL35: 6652 | CM35: 5014 | CN35: 4182 | CO35: 3722 | CP35: 6064 | CQ35: 6595 | CR35: 6387 | CS35: 5497 | CT35: 4315 | CU35: 5363 | CV35: 5253 | CW35: 6264 | CX35: 5980 | CY35: 4903 | CZ35: 4613 | DA35: 3682 | DB35: 6029 | DC35: 5285 | DD35: 6249 | DE35: 5273 | DF35: 4991 | DG35: 5897 | DH35: 5541 | DI35: 6087 | DJ35: 5860 | DK35: 5066 | DL35: 4438 | DM35: 4273 | DN35: 5361 | DO35: 4927 | DP35: 5908 | DQ35: 5190 | DR35: 4051 | DS35: 5081 | DT35: 4633 | DU35: 5154 | DV35: 5164 | DW35: 4286 | DX35: 4688 | DY35: 4216 | DZ35: 7887 | EA35: 5221 | EB35: 6613 | EC35: 6135 | ED35: 5493 | EE35: 5825 | EF35: 6157 | EG35: 5000 | EH35: 3237 | EI35: 3387 | EJ35: 3322 | EK35: 2813 | EL35: 2923 | EM35: 3203 | EN35: 3417 | EO35: 2993 | EP35: 2957 | EQ35: 1577 | ER35: 2738 | ES35: 3532 | ET35: 3227 | EU35: 2349 | EV35: 3025 | EW35: 2895 | EX35: 3075 | EY35: 3738 | EZ35: 3699 | FA35: 3439 | FB35: 3012 | FC35: 2914 | FD35: 3359 | FE35: 4460 | FF35: 4150 | FG35: 3617 | FH35: 2719 | FI35: ='Average Weekday Boardings'!FI35*20 -> 2808 | FJ35: ='Average Weekday Boardings'!FJ35*23 -> 3751 | FK35: ='Average Weekday Boardings'!FK35*21 -> 3704 | FL35: 3630 | FM35: 3515 | FN35: 3278 | FO35: 4315 | FP35: 4441 | FQ35: 4945 | FR35: 4116 | FS35: 4376 | FT35: 3743 | FU35: 3033 | FV35: 4118 | FW35: 3628 | FX35: 4716 | FY35: 4094 | FZ35: 3446 | GA35: 4230 | GB35: 4383 | GC35: 4038 | GD35: 3788 | GE35: 3575 | GF35: 2963 | GG35: 3554 | GH35: 4025 | GI35: 3845 | GJ35: 4251 | GK35: 4038 | GL35: 3210
A36: Mill Ave/Third St | C36: 40988 | D36: 30881 | E36: 41977 | F36: 39689 | G36: 28752 | H36: 29038 | I36: 22180 | J36: 31397 | K36: 25681 | L36: 30885 | M36: 24005 | N36: 21346 | O36: 21874 | P36: 24479 | Q36: 28205 | R36: 30415 | S36: 23157 | T36: 25110 | U36: 20097 | V36: 22176 | W36: 23477 | X36: 25917 | Y36: 22125 | Z36: 27344 | AA36: 25143 | AB36: 25131 | AC36: 35147 | AD36: 31289 | AE36: 26421 | AF36: 24860 | AG36: 21883 | AH36: 25550 | AI36: 29530 | AJ36: 29701 | AK36: 22027 | AL36: 25353 | AM36: 26234 | AN36: 26986 | AO36: 35150 | AP36: 32935 | AQ36: 28724 | AR36: 25434 | AS36: 24151 | AT36: 28718 | AU36: 29160 | AV36: 35259 | AW36: 28489 | AX36: 25584 | AY36: 27473 | AZ36: 27110 | BA36: 32247 | BB36: 34279 | BC36: 28629 | BD36: 23923 | BE36: 24236 | BF36: 26895 | BG36: 27805 | BH36: 32889 | BI36: 27359.708 | BJ36: 27135 | BK36: 29509 | BL36: 28041 | BM36: 36250 | BN36: 32107 | BO36: 27204 | BP36: 24545 | BQ36: 23444 | BR36: 25825 | BS36: 28142 | BT36: 31706 | BU36: 23024 | BV36: 27050 | BW36: 29205 | BX36: 26162 | BY36: 33708 | BZ36: 30062 | CA36: 23525 | CB36: 23533 | CC36: 22741 | CD36: 24234 | CE36: 29701 | CF36: 32140 | CG36: 25117 | CH36: 28920 | CI36: 25648 | CJ36: 28500 | CK36: 33486 | CL36: 31745 | CM36: 28059 | CN36: 26653 | CO36: 24775 | CP36: 29204 | CQ36: 28024 | CR36: 29050 | CS36: 24148 | CT36: 27307 | CU36: 26622 | CV36: 27126 | CW36: 36690 | CX36: 28887 | CY36: 27724 | CZ36: 25829 | DA36: 21859 | DB36: 28627 | DC36: 25114 | DD36: 28857 | DE36: 21526 | DF36: 21489 | DG36: 22935 | DH36: 22055 | DI36: 28525 | DJ36: 24774 | DK36: 24544 | DL36: 21560 | DM36: 19881 | DN36: 22656 | DO36: 19810 | DP36: 25240 | DQ36: 24683 | DR36: 21155 | DS36: 24378 | DT36: 22430 | DU36: 26371 | DV36: 24491 | DW36: 23446 | DX36: 20130 | DY36: 19603 | DZ36: 20958 | EA36: 20903 | EB36: 26274 | EC36: 23321 | ED36: 21339 | EE36: 22473 | EF36: 22181 | EG36: 16820 | EH36: 9165 | EI36: 8802 | EJ36: 9183 | EK36: 8071 | EL36: 8046 | EM36: 8714 | EN36: 9491 | EO36: 10331 | EP36: 7045 | EQ36: 3910 | ER36: 7931 | ES36: 10422 | ET36: 10798 | EU36: 9399 | EV36: 10868 | EW36: 9896 | EX36: 10323 | EY36: 11036 | EZ36: 11891 | FA36: 12413 | FB36: 12603 | FC36: 10633 | FD36: 13007 | FE36: 17077 | FF36: 14759 | FG36: 11633 | FH36: 11489 | FI36: ='Average Weekday Boardings'!FI36*20 -> 10762 | FJ36: ='Average Weekday Boardings'!FJ36*23 -> 13759 | FK36: ='Average Weekday Boardings'!FK36*21 -> 13716 | FL36: 13972 | FM36: 13477 | FN36: 12692 | FO36: 14504 | FP36: 13179 | FQ36: 18865 | FR36: 14982 | FS36: 15657 | FT36: 12382 | FU36: 10545 | FV36: 12914 | FW36: 11766 | FX36: 15294 | FY36: 13598 | FZ36: 12827 | GA36: 13934 | GB36: 14133 | GC36: 15565 | GD36: 15231 | GE36: 13823 | GF36: 11015 | GG36: 11865 | GH36: 13089 | GI36: 12985 | GJ36: 14042 | GK36: 13395 | GL36: 12747
A37: Veterans Way/College Ave | C37: 32790 | D37: 32396 | E37: 41516 | F37: 39039 | G37: 26207 | H37: 28441 | I37: 21878 | J37: 31322 | K37: 51362 | L37: 53393 | M37: 45236 | N37: 36850 | O37: 37815 | P37: 42256 | Q37: 44431 | R37: 52581 | S37: 35423 | T37: 25935 | U37: 22325 | V37: 39707 | W37: 50722 | X37: 46319 | Y37: 41318 | Z37: 38486 | AA37: 38603 | AB37: 44573 | AC37: 46429 | AD37: 46121 | AE37: 31266 | AF37: 27601 | AG37: 25579 | AH37: 43833 | AI37: 58701 | AJ37: 50093 | AK37: 42975 | AL37: 36941 | AM37: 46245 | AN37: 43131 | AO37: 43015 | AP37: 45235 | AQ37: 32984 | AR37: 28547 | AS37: 26874 | AT37: 44175 | AU37: 52814 | AV37: 60262 | AW37: 47350 | AX37: 37080 | AY37: 45982 | AZ37: 43934 | BA37: 41475 | BB37: 47445 | BC37: 35534 | BD37: 28336 | BE37: 28956 | BF37: 36461 | BG37: 51223 | BH37: 52735 | BI37: 44379.827 | BJ37: 33269 | BK37: 43531 | BL37: 44710 | BM37: 43767 | BN37: 48764 | BO37: 36665 | BP37: 30631 | BQ37: 29830 | BR37: 45133 | BS37: 58814 | BT37: 57022 | BU37: 42841 | BV37: 36783 | BW37: 46404 | BX37: 45324 | BY37: 46215 | BZ37: 49121 | CA37: 31768 | CB37: 30344 | CC37: 27948 | CD37: 38397 | CE37: 55966 | CF37: 54498 | CG37: 43646 | CH37: 35800 | CI37: 40700 | CJ37: 45530 | CK37: 46488 | CL37: 44036 | CM37: 32570 | CN37: 29894 | CO37: 27249 | CP37: 42771 | CQ37: 47036 | CR37: 45001 | CS37: 43453 | CT37: 31100 | CU37: 39497 | CV37: 39765 | CW37: 43559 | CX37: 39335 | CY37: 34488 | CZ37: 29548 | DA37: 25638 | DB37: 43996 | DC37: 40640 | DD37: 43602 | DE37: 37429 | DF37: 28105 | DG37: 38670 | DH37: 36487 | DI37: 37137 | DJ37: 36509 | DK37: 30858 | DL37: 26169 | DM37: 25447 | DN37: 37048 | DO37: 34815 | DP37: 44168 | DQ37: 36206 | DR37: 25231 | DS37: 37330 | DT37: 34982 | DU37: 33710 | DV37: 10260 | DW37: 29986 | DX37: 25224 | DY37: 27346 | DZ37: 37681 | EA37: 41302 | EB37: 43826 | EC37: 36945 | ED37: 30933 | EE37: 35610 | EF37: 36873 | EG37: 24997 | EH37: 14478 | EI37: 13230 | EJ37: 14544 | EK37: 14105 | EL37: 13409 | EM37: 14100 | EN37: 15111 | EO37: 11757 | EP37: 10779 | EQ37: 6058 | ER37: 12147 | ES37: 14088 | ET37: 14120 | EU37: 10733 | EV37: 11903 | EW37: 11339 | EX37: 15862 | EY37: 21036 | EZ37: 20583 | FA37: 18528 | FB37: 14286 | FC37: 14748 | FD37: 18765 | FE37: 21778 | FF37: 19793 | FG37: 16207 | FH37: 12742 | FI37: ='Average Weekday Boardings'!FI37*20 -> 11973 | FJ37: ='Average Weekday Boardings'!FJ37*23 -> 18565 | FK37: ='Average Weekday Boardings'!FK37*21 -> 22166 | FL37: 19448 | FM37: 18809 | FN37: 15022 | FO37: 20143 | FP37: 17948 | FQ37: 22792 | FR37: 19596 | FS37: 18769 | FT37: 14318 | FU37: 12443 | FV37: 20359 | FW37: 18285 | FX37: 21309 | FY37: 19955 | FZ37: 14645 | GA37: 20123 | GB37: 37308 | GC37: 20091 | GD37: 18877 | GE37: 34104 | GF37: 13139 | GG37: 14224 | GH37: 17897 | GI37: 19659 | GJ37: 25142 | GK37: 18852 | GL37: 15939
A38: University Dr/Rural | C38: 39786 | D38: 36151 | E38: 42025 | F38: 46210 | G38: 27018 | H38: 26609 | I38: 20461 | J38: 24354 | K38: 75539 | L38: 77046 | M38: 63402 | N38: 54048 | O38: 54567 | P38: 61932 | Q38: 69359 | R38: 75874 | S38: 37443 | T38: 27699 | U38: 23567 | V38: 49563 | W38: 77783 | X38: 72050 | Y38: 62916 | Z38: 41340 | AA38: 49663 | AB38: 65630 | AC38: 64842 | AD38: 63925 | AE38: 33767 | AF38: 30195 | AG38: 26136 | AH38: 54833 | AI38: 75463 | AJ38: 71162 | AK38: 59696 | AL38: 36179 | AM38: 60607 | AN38: 59342 | AO38: 57182 | AP38: 60231 | AQ38: 31781 | AR38: 30667 | AS38: 26837 | AT38: 47460 | AU38: 66689 | AV38: 74244 | AW38: 62023 | AX38: 43157 | AY38: 62370 | AZ38: 59855 | BA38: 52969 | BB38: 63412 | BC38: 34257 | BD38: 26152 | BE38: 24874 | BF38: 43434 | BG38: 64915 | BH38: 69341 | BI38: 55289.409 | BJ38: 37128 | BK38: 54981 | BL38: 57695 | BM38: 53363 | BN38: 60487 | BO38: 35541 | BP38: 30050 | BQ38: 26929 | BR38: 44331 | BS38: 67686 | BT38: 67752 | BU38: 50174 | BV38: 37618 | BW38: 50070 | BX38: 53172 | BY38: 51115 | BZ38: 54391 | CA38: 29260 | CB38: 27721 | CC38: 24851 | CD38: 41463 | CE38: 64748 | CF38: 61678 | CG38: 51951 | CH38: 35934 | CI38: 46703 | CJ38: 55199 | CK38: 54518 | CL38: 53563 | CM38: 31475 | CN38: 29938 | CO38: 25062 | CP38: 46411 | CQ38: 57382 | CR38: 52721 | CS38: 48199 | CT38: 29339 | CU38: 46138 | CV38: 47764 | CW38: 48967 | CX38: 46478 | CY38: 31447 | CZ38: 26161 | DA38: 22986 | DB38: 44445 | DC38: 52090 | DD38: 52450 | DE38: 45913 | DF38: 25560 | DG38: 45384 | DH38: 44156 | DI38: 45057 | DJ38: 44781 | DK38: 28091 | DL38: 25020 | DM38: 23294 | DN38: 42610 | DO38: 44847 | DP38: 50394 | DQ38: 44507 | DR38: 23699 | DS38: 46413 | DT38: 44015 | DU38: 40173 | DV38: 45705 | DW38: 27288 | DX38: 23594 | DY38: 22603 | DZ38: 33257 | EA38: 49534 | EB38: 53960 | EC38: 44263 | ED38: 30220 | EE38: 41713 | EF38: 46492 | EG38: 25048 | EH38: 9061 | EI38: 7882 | EJ38: 7954 | EK38: 7412 | EL38: 10301 | EM38: 11730 | EN38: 12401 | EO38: 11460 | EP38: 8572 | EQ38: 4613 | ER38: 9869 | ES38: 12012 | ET38: 12428 | EU38: 10814 | EV38: 12042 | EW38: 11059 | EX38: 21164 | EY38: 29132 | EZ38: 26376 | FA38: 25480 | FB38: 16395 | FC38: 21017 | FD38: 26955 | FE38: 29112 | FF38: 27527 | FG38: 18224 | FH38: 14888 | FI38: ='Average Weekday Boardings'!FI38*20 -> 13439 | FJ38: ='Average Weekday Boardings'!FJ38*23 -> 10754 | FK38: ='Average Weekday Boardings'!FK38*21 -> 12064 | FL38: 11139 | FM38: 10376 | FN38: 7915 | FO38: 11205 | FP38: 25406 | FQ38: 12644 | FR38: 11266 | FS38: 10761 | FT38: 8246 | FU38: 7927 | FV38: 12923 | FW38: 11867 | FX38: 12596 | FY38: 11198 | FZ38: 8299 | GA38: 11375 | GB38: 12373 | GC38: 10799 | GD38: 10715 | GE38: 9472 | GF38: 6542 | GG38: 7157 | GH38: 10852 | GI38: 12811 | GJ38: 13395 | GK38: 11251 | GL38: 8918
A39: Dorsey/Apache Blvd | C39: 10062 | D39: 17591 | E39: 17123 | F39: 18354 | G39: 15952 | H39: 12605 | I39: 9792 | J39: 10703 | K39: 20326 | L39: 21982 | M39: 18591 | N39: 16161 | O39: 15569 | P39: 18533 | Q39: 21354 | R39: 21648 | S39: 16099 | T39: 12950 | U39: 10947 | V39: 18709 | W39: 21394 | X39: 20383 | Y39: 17891 | Z39: 15833 | AA39: 16890 | AB39: 18975 | AC39: 20851 | AD39: 19653 | AE39: 14755 | AF39: 11927 | AG39: 10918 | AH39: 17571 | AI39: 21125 | AJ39: 19876 | AK39: 16819 | AL39: 14777 | AM39: 18421 | AN39: 18606 | AO39: 20101 | AP39: 20904 | AQ39: 16054 | AR39: 14112 | AS39: 13510 | AT39: 19186 | AU39: 18817 | AV39: 23367 | AW39: 19647 | AX39: 16628 | AY39: 19875 | AZ39: 19134 | BA39: 19132 | BB39: 20884 | BC39: 16399 | BD39: 13130 | BE39: 13487 | BF39: 17052 | BG39: 19363 | BH39: 21887 | BI39: 18396.175 | BJ39: 16075 | BK39: 20144 | BL39: 19655 | BM39: 20186 | BN39: 21682 | BO39: 17086 | BP39: 14388 | BQ39: 14136 | BR39: 18080 | BS39: 22490 | BT39: 23937 | BU39: 17458 | BV39: 17056 | BW39: 19712 | BX39: 18709 | BY39: 19869 | BZ39: 21146 | CA39: 14724 | CB39: 12797 | CC39: 12270 | CD39: 15586 | CE39: 20519 | CF39: 21404 | CG39: 17276 | CH39: 16429 | CI39: 17213 | CJ39: 18447 | CK39: 20014 | CL39: 19126 | CM39: 15028 | CN39: 14107 | CO39: 12557 | CP39: 18033 | CQ39: 18986 | CR39: 18707 | CS39: 16447 | CT39: 14351 | CU39: 17496 | CV39: 16395 | CW39: 19134 | CX39: 16808 | CY39: 15253 | CZ39: 13275 | DA39: 11886 | DB39: 18835 | DC39: 18407 | DD39: 20354 | DE39: 17096 | DF39: 13332 | DG39: 17466 | DH39: 17005 | DI39: 18144 | DJ39: 18589 | DK39: 15284 | DL39: 12991 | DM39: 12592 | DN39: 18353 | DO39: 16993 | DP39: 20515 | DQ39: 17519 | DR39: 12928 | DS39: 18190 | DT39: 16983 | DU39: 16492 | DV39: 18339 | DW39: 15626 | DX39: 12435 | DY39: 12876 | DZ39: 17395 | EA39: 17983 | EB39: 20613 | EC39: 17585 | ED39: 14918 | EE39: 17384 | EF39: 17292 | EG39: 12714 | EH39: 7672 | EI39: 7126 | EJ39: 7913 | EK39: 6917 | EL39: 6989 | EM39: 7628 | EN39: 8056 | EO39: 7336 | EP39: 6049 | EQ39: 3381 | ER39: 6081 | ES39: 7153 | ET39: 7579 | EU39: 6307 | EV39: 7608 | EW39: 7049 | EX39: 8968 | EY39: 10780 | EZ39: 9614 | FA39: 9417 | FB39: 7050 | FC39: 7338 | FD39: 9320 | FE39: 10926 | FF39: 9623 | FG39: 3820 | FH39: 7351 | FI39: ='Average Weekday Boardings'!FI39*20 -> 6855 | FJ39: ='Average Weekday Boardings'!FJ39*23 -> 25085 | FK39: ='Average Weekday Boardings'!FK39*21 -> 30854 | FL39: 27921 | FM39: 25624 | FN39: 17587 | FO39: 28752 | FP39: 10751 | FQ39: 32998 | FR39: 30371 | FS39: 22743 | FT39: 18724 | FU39: 16552 | FV39: 30084 | FW39: 31319 | FX39: 34962 | FY39: 32326 | FZ39: 19243 | GA39: 31852 | GB39: 35915 | GC39: 28956 | GD39: 30850 | GE39: 20341 | GF39: 15883 | GG39: 16695 | GH39: 25270 | GI39: 33629 | GJ39: 35240 | GK39: 28828 | GL39: 20929
A40: McClintock/Apache Blvd | C40: 17411 | D40: 21460 | E40: 22336 | F40: 24471 | G40: 19706 | H40: 18390 | I40: 16235 | J40: 19323 | K40: 30079 | L40: 32771 | M40: 30180 | N40: 26359 | O40: 23210 | P40: 30277 | Q40: 34885 | R40: 32272 | S40: 24041 | T40: 22714 | U40: 18570 | V40: 29071 | W40: 37738 | X40: 35617 | Y40: 32217 | Z40: 26652 | AA40: 28969 | AB40: 33351 | AC40: 36837 | AD40: 35881 | AE40: 25282 | AF40: 23057 | AG40: 20716 | AH40: 33359 | AI40: 41368 | AJ40: 38622 | AK40: 32511 | AL40: 25918 | AM40: 34570 | AN40: 35530 | AO40: 36412 | AP40: 36898 | AQ40: 26540 | AR40: 23949 | AS40: 22503 | AT40: 32915 | AU40: 31038 | AV40: 43861 | AW40: 37002 | AX40: 29407 | AY40: 38093 | AZ40: 36207 | BA40: 34153 | BB40: 40380 | BC40: 28617 | BD40: 22675 | BE40: 23023 | BF40: 30057 | BG40: 38710 | BH40: 42914 | BI40: 34850.336 | BJ40: 27535 | BK40: 35481 | BL40: 35682 | BM40: 35487 | BN40: 38387 | BO40: 27605 | BP40: 24535 | BQ40: 22757 | BR40: 31223 | BS40: 41508 | BT40: 43821 | BU40: 32463 | BV40: 28262 | BW40: 35146 | BX40: 34801 | BY40: 35654 | BZ40: 36818 | CA40: 24674 | CB40: 23436 | CC40: 21508 | CD40: 29535 | CE40: 42713 | CF40: 42089 | CG40: 33791 | CH40: 28991 | CI40: 32107 | CJ40: 36849 | CK40: 38502 | CL40: 37731 | CM40: 27833 | CN40: 26533 | CO40: 22181 | CP40: 34910 | CQ40: 38354 | CR40: 37197 | CS40: 34330 | CT40: 26062 | CU40: 33400 | CV40: 33350 | CW40: 38184 | CX40: 34254 | CY40: 29056 | CZ40: 24427 | DA40: 21268 | DB40: 33715 | DC40: 33102 | DD40: 35482 | DE40: 30418 | DF40: 22811 | DG40: 31529 | DH40: 29970 | DI40: 31269 | DJ40: 31533 | DK40: 25866 | DL40: 22104 | DM40: 20717 | DN40: 30204 | DO40: 28820 | DP40: 34312 | DQ40: 30776 | DR40: 21049 | DS40: 30487 | DT40: 29016 | DU40: 28759 | DV40: 31417 | DW40: 25360 | DX40: 21206 | DY40: 21602 | DZ40: 27178 | EA40: 34392 | EB40: 37096 | EC40: 30855 | ED40: 25178 | EE40: 30126 | EF40: 31935 | EG40: 21406 | EH40: 11279 | EI40: 10201 | EJ40: 11124 | EK40: 10102 | EL40: 10297 | EM40: 11917 | EN40: 12652 | EO40: 11468 | EP40: 9615 | EQ40: 5365 | ER40: 10092 | ES40: 11443 | ET40: 12334 | EU40: 10301 | EV40: 11902 | EW40: 11080 | EX40: 14146 | EY40: 17815 | EZ40: 16906 | FA40: 17016 | FB40: 13251 | FC40: 14265 | FD40: 17816 | FE40: 20803 | FF40: 18974 | FG40: 15429 | FH40: 13538 | FI40: ='Average Weekday Boardings'!FI40*20 -> 13024 | FJ40: ='Average Weekday Boardings'!FJ40*23 -> 19659 | FK40: ='Average Weekday Boardings'!FK40*21 -> 22906 | FL40: 20951 | FM40: 20046 | FN40: 15902 | FO40: 21935 | FP40: 20098 | FQ40: 24321 | FR40: 21464 | FS40: 19304 | FT40: 16069 | FU40: 13543 | FV40: 21768 | FW40: 21514 | FX40: 24154 | FY40: 21532 | FZ40: 15306 | GA40: 22383 | GB40: 24285 | GC40: 21664 | GD40: 22279 | GE40: 16546 | GF40: 13245 | GG40: 14403 | GH40: 19998 | GI40: 23534 | GJ40: 25439 | GK40: 21576 | GL40: 17563
A41: Smith-Martin/Apache Blvd | C41: 3852 | D41: 9693 | E41: 5447 | F41: 6635 | G41: 9379 | H41: 5170 | I41: 8198 | J41: 12758 | K41: 6973 | L41: 7829 | M41: 6823 | N41: 5946 | O41: 5545 | P41: 6818 | Q41: 7856 | R41: 7710 | S41: 5590 | T41: 7366 | U41: 6506 | V41: 9509 | W41: 10284 | X41: 10107 | Y41: 8457 | Z41: 8514 | AA41: 8381 | AB41: 9272 | AC41: 9891 | AD41: 9496 | AE41: 7769 | AF41: 7454 | AG41: 6659 | AH41: 10418 | AI41: 11874 | AJ41: 11515 | AK41: 10112 | AL41: 9535 | AM41: 10700 | AN41: 10838 | AO41: 11563 | AP41: 11712 | AQ41: 10143 | AR41: 9284 | AS41: 8765 | AT41: 11612 | AU41: 14361 | AV41: 13103 | AW41: 11676 | AX41: 10938 | AY41: 11931 | AZ41: 11294 | BA41: 11236 | BB41: 12575 | BC41: 11173 | BD41: 8933 | BE41: 9477 | BF41: 11734 | BG41: 12881 | BH41: 14709 | BI41: 12019.305 | BJ41: 11289 | BK41: 12888 | BL41: 12056 | BM41: 12170 | BN41: 13558 | BO41: 11161 | BP41: 10113 | BQ41: 9642 | BR41: 12200 | BS41: 14627 | BT41: 15238 | BU41: 11627 | BV41: 11984 | BW41: 12377 | BX41: 12062 | BY41: 12699 | BZ41: 13099 | CA41: 10193 | CB41: 10298 | CC41: 9565 | CD41: 11204 | CE41: 12686 | CF41: 13014 | CG41: 10563 | CH41: 10436 | CI41: 10245 | CJ41: 10777 | CK41: 11625 | CL41: 11036 | CM41: 9109 | CN41: 8927 | CO41: 8006 | CP41: 10743 | CQ41: 10565 | CR41: 10106 | CS41: 9522 | CT41: 9003 | CU41: 9711 | CV41: 9325 | CW41: 10599 | CX41: 8896 | CY41: 9002 | CZ41: 9600 | DA41: 8120 | DB41: 11779 | DC41: 10847 | DD41: 11643 | DE41: 9799 | DF41: 8904 | DG41: 10603 | DH41: 10098 | DI41: 10364 | DJ41: 9994 | DK41: 9069 | DL41: 8245 | DM41: 7936 | DN41: 10668 | DO41: 8977 | DP41: 10828 | DQ41: 9596 | DR41: 7833 | DS41: 10088 | DT41: 9191 | DU41: 9455 | DV41: 2636 | DW41: 8483 | DX41: 7761 | DY41: 8063 | DZ41: 9390 | EA41: 10478 | EB41: 12671 | EC41: 10937 | ED41: 9747 | EE41: 11017 | EF41: 10300 | EG41: 8204 | EH41: 6312 | EI41: 6318 | EJ41: 6443 | EK41: 7471 | EL41: 5814 | EM41: 6275 | EN41: 6788 | EO41: 4601 | EP41: 4965 | EQ41: 2497 | ER41: 4497 | ES41: 5265 | ET41: 5445 | EU41: 4130 | EV41: 5027 | EW41: 4430 | EX41: 5587 | EY41: 6297 | EZ41: 6315 | FA41: 6418 | FB41: 5340 | FC41: 5130 | FD41: 6364 | FE41: 7524 | FF41: 6931 | FG41: 6233 | FH41: 5503 | FI41: ='Average Weekday Boardings'!FI41*20 -> 5343 | FJ41: ='Average Weekday Boardings'!FJ41*23 -> 7348 | FK41: ='Average Weekday Boardings'!FK41*21 -> 7385 | FL41: 7139 | FM41: 7113 | FN41: 6309 | FO41: 7470 | FP41: 6577 | FQ41: 8041 | FR41: 7022 | FS41: 7053 | FT41: 6027 | FU41: 5723 | FV41: 6824 | FW41: 6321 | FX41: 7308 | FY41: 7027 | FZ41: 5876 | GA41: 7678 | GB41: 8170 | GC41: 7566 | GD41: 7877 | GE41: 6414 | GF41: 5360 | GG41: 6381 | GH41: 7906 | GI41: 8587 | GJ41: 9125 | GK41: 8347 | GL41: 7794
A42: Price-101 Fwy/Apache Blvd | C42: 13345 | D42: 16522 | E42: 18042 | F42: 18373 | G42: 12163 | H42: 11616 | I42: 12053 | J42: 17344 | K42: 32790 | L42: 32461 | M42: 26600 | N42: 26671 | O42: 22990 | P42: 30584 | Q42: 35239 | R42: 31967 | S42: 24001 | T42: 15990 | U42: 12286 | V42: 22817 | W42: 32563 | X42: 31580 | Y42: 27523 | Z42: 20905 | AA42: 22562 | AB42: 28001 | AC42: 30701 | AD42: 30138 | AE42: 18307 | AF42: 15771 | AG42: 14766 | AH42: 25962 | AI42: 36359 | AJ42: 32199 | AK42: 25997 | AL42: 19174 | AM42: 26256 | AN42: 26888 | AO42: 27497 | AP42: 30610 | AQ42: 20011 | AR42: 17884 | AS42: 15556 | AT42: 24026 | AU42: 28768 | AV42: 35279 | AW42: 28934 | AX42: 20857 | AY42: 28372 | AZ42: 27964 | BA42: 25509 | BB42: 31362 | BC42: 19695 | BD42: 14861 | BE42: 15761 | BF42: 21763 | BG42: 30425 | BH42: 31649 | BI42: 25757.672 | BJ42: 19251 | BK42: 25216 | BL42: 26292 | BM42: 25518 | BN42: 28515 | BO42: 18594 | BP42: 16688 | BQ42: 14775 | BR42: 21202 | BS42: 30591 | BT42: 30067 | BU42: 22752 | BV42: 19771 | BW42: 28286 | BX42: 25308 | BY42: 25806 | BZ42: 27798 | CA42: 17604 | CB42: 15575 | CC42: 13494 | CD42: 18970 | CE42: 29691 | CF42: 29934 | CG42: 23729 | CH42: 20130 | CI42: 22261 | CJ42: 25603 | CK42: 26705 | CL42: 27160 | CM42: 18422 | CN42: 17629 | CO42: 14212 | CP42: 22521 | CQ42: 25898 | CR42: 24386 | CS42: 24169 | CT42: 17268 | CU42: 22935 | CV42: 22805 | CW42: 25297 | CX42: 22882 | CY42: 18980 | CZ42: 16317 | DA42: 13864 | DB42: 23184 | DC42: 23066 | DD42: 25594 | DE42: 21657 | DF42: 15841 | DG42: 21952 | DH42: 20906 | DI42: 22541 | DJ42: 23210 | DK42: 17477 | DL42: 14755 | DM42: 13726 | DN42: 20242 | DO42: 19193 | DP42: 22927 | DQ42: 20781 | DR42: 14023 | DS42: 20350 | DT42: 18926 | DU42: 18720 | DV42: 19600 | DW42: 14836 | DX42: 13039 | DY42: 13307 | DZ42: 16471 | EA42: 20130 | EB42: 23313 | EC42: 20222 | ED42: 16498 | EE42: 19622 | EF42: 20075 | EG42: 13611 | EH42: 8093 | EI42: 6966 | EJ42: 7486 | EK42: 7566 | EL42: 7219 | EM42: 7458 | EN42: 8429 | EO42: 7055 | EP42: 6508 | EQ42: 3814 | ER42: 6395 | ES42: 7718 | ET42: 7342 | EU42: 6109 | EV42: 7166 | EW42: 6771 | EX42: 8984 | EY42: 11070 | EZ42: 11124 | FA42: 10210 | FB42: 8118 | FC42: 8064 | FD42: 10240 | FE42: 11810 | FF42: 10608 | FG42: 8981 | FH42: 7247 | FI42: ='Average Weekday Boardings'!FI42*20 -> 6576 | FJ42: ='Average Weekday Boardings'!FJ42*23 -> 10796 | FK42: ='Average Weekday Boardings'!FK42*21 -> 11984 | FL42: 10767 | FM42: 10809 | FN42: 8821 | FO42: 11985 | FP42: 11150 | FQ42: 13294 | FR42: 11891 | FS42: 10621 | FT42: 9198 | FU42: 8038 | FV42: 11480 | FW42: 10724 | FX42: 13700 | FY42: 12327 | FZ42: 9405 | GA42: 12791 | GB42: 13049 | GC42: 12617 | GD42: 12301 | GE42: 10191 | GF42: 8114 | GG42: 9312 | GH42: 11787 | GI42: 12694 | GJ42: 14495 | GK42: 11472 | GL42: 10199
A43: Sycamore/Main St | C43: 70422 | D43: 67356 | E43: 80050 | F43: 81509 | G43: 63430 | H43: 62544 | I43: 56211 | J43: 59474 | K43: 70290 | L43: 78349 | M43: 69207 | N43: 74883 | O43: 70515 | P43: 77159 | Q43: 87878 | R43: 87042 | S43: 67905 | T43: 69260 | U43: 60746 | V43: 73643 | W43: 87070 | X43: 83205 | Y43: 77079 | Z43: 76304 | AA43: 76940 | AB43: 78989 | AC43: 93543 | AD43: 84144 | AE43: 68971 | AF43: 71110 | AG43: 66022 | AH43: 86031 | AI43: 88143 | AJ43: 89670 | AK43: 70873 | AL43: 74937 | AM43: 81764 | AN43: 85294 | AO43: 89071 | AP43: 86851 | AQ43: 78470 | AS43: 70070 | AT43: 86646 | AU43: 81313 | AV43: 96724 | AW43: 83316 | AX43: 75539 | AY43: 85319 | AZ43: 83606 | BA43: 88984 | BB43: 95682 | BC43: 81186 | BD43: 69708 | BE43: 71850 | BF43: 77549 | BG43: 81273 | BH43: 88984 | BI43: 74136.535 | BJ43: 71175 | BK43: 84768 | BL43: 80478 | BM43: 90669 | BN43: 87998 | BO43: 73129 | BP43: 73813 | BQ43: 71155 | BR43: 75510 | BS43: 81201 | BT43: 87100 | BU43: 65100 | BV43: 74106 | BW43: 86613 | BX43: 77782 | BY43: 86587 | BZ43: 85207 | CA43: 69434 | CB43: 74974 | CC43: 70038 | CD43: 66491 | CE43: 41407 | CF43: 42227 | CG43: 33308 | CH43: 34534 | CI43: 33220 | CJ43: 36133 | CK43: 39222 | CL43: 36217 | CM43: 31917 | CN43: 31597 | CO43: 27445 | CP43: 35683 | CQ43: 33955 | CR43: 33685 | CS43: 30736 | CT43: 30380 | CU43: 32470 | CV43: 30658 | CW43: 35457 | CX43: 31666 | CY43: 32417 | CZ43: 28939 | DA43: 25859 | DB43: 33562 | DC43: 30955 | DD43: 34014 | DE43: 28633 | DF43: 27013 | DG43: 31434 | DH43: 29317 | DI43: 32247 | DJ43: 32227 | DK43: 29740 | DL43: 26148 | DM43: 25103 | DN43: 30362 | DO43: 27171 | DP43: 33878 | DQ43: 30008 | DR43: 26029 | DS43: 30427 | DT43: 28418 | DU43: 29149 | DV43: 30257 | DW43: 27549 | DX43: 22309 | DY43: 23407 | DZ43: 25693 | EA43: 26333 | EB43: 30654 | EC43: 26925 | ED43: 25109 | EE43: 28134 | EF43: 27980 | EG43: 22461 | EH43: 15535 | EI43: 12767 | EJ43: 13270 | EK43: 12325 | EL43: 12220 | EM43: 12399 | EN43: 13908 | EO43: 12624 | EP43: 10216 | EQ43: 5463 | ER43: 10543 | ES43: 12590 | ET43: 12837 | EU43: 11497 | EV43: 12724 | EW43: 12182 | EX43: 13579 | EY43: 15545 | EZ43: 15685 | FA43: 16411 | FB43: 15555 | FC43: 14242 | FD43: 17479 | FE43: 20408 | FF43: 17799 | FG43: 16301 | FH43: 14539 | FI43: ='Average Weekday Boardings'!FI43*20 -> 14129 | FJ43: ='Average Weekday Boardings'!FJ43*23 -> 18344 | FK43: ='Average Weekday Boardings'!FK43*21 -> 17792 | FL43: 17583 | FM43: 16491 | FN43: 15278 | FO43: 17925 | FP43: 15455 | FQ43: 20887 | FR43: 18256 | FS43: 19477 | FT43: 16915 | FU43: 14977 | FV43: 17962 | FW43: 16101 | FX43: 18517 | FY43: 18313 | FZ43: 16455 | GA43: 19727 | GB43: 20225 | GC43: 20689 | GD43: 18981 | GE43: 18421 | GF43: 15539 | GG43: 17247 | GH43: 19233 | GI43: 18425 | GJ43: 20179 | GK43: 17647 | GL43: 16408
A44: Alma School/Main St | CD44: 4743 | CE44: 19448 | CF44: 22036 | CG44: 19784 | CH44: 22705 | CI44: 21155 | CJ44: 23029 | CK44: 25760 | CL44: 24200 | CM44: 23176 | CN44: 23857 | CO44: 22046 | CP44: 26205 | CQ44: 23861 | CR44: 25184 | CS44: 21961 | CT44: 23977 | CU44: 24068 | CV44: 22728 | CW44: 26651 | CX44: 23867 | CY44: 25734 | CZ44: 24844 | DA44: 23233 | DB44: 27000 | DC44: 23497 | DD44: 26145 | DE44: 22332 | DF44: 23250 | DG44: 24887 | DH44: 23137 | DI44: 26308 | DJ44: 24807 | DK44: 24745 | DL44: 23999 | DM44: 23348 | DN44: 27321 | DO44: 22623 | DP44: 27951 | DQ44: 25597 | DR44: 23560 | DS44: 26471 | DT44: 23352 | DU44: 24031 | DV44: 25221 | DW44: 25069 | DX44: 21774 | DY44: 23593 | DZ44: 24291 | EA44: 23618 | EB44: 28147 | EC44: 24541 | ED44: 23648 | EE44: 26454 | EF44: 24831 | EG44: 23609 | EH44: 16800 | EI44: 14601 | EJ44: 15462 | EK44: 14627 | EL44: 13924 | EM44: 13471 | EN44: 15004 | EO44: 12519 | EP44: 10474 | EQ44: 5588 | ER44: 10571 | ES44: 12717 | ET44: 13134 | EU44: 11264 | EV44: 12773 | EW44: 12106 | EX44: 12915 | EY44: 14005 | EZ44: 14791 | FA44: 14931 | FB44: 14541 | FC44: 13452 | FD44: 16084 | FE44: 19812 | FF44: 18217 | FG44: 17560 | FH44: 16823 | FI44: ='Average Weekday Boardings'!FI44*20 -> 16173 | FJ44: ='Average Weekday Boardings'!FJ44*23 -> 19107 | FK44: ='Average Weekday Boardings'!FK44*21 -> 17431 | FL44: 16881 | FM44: 16255 | FN44: 14961 | FO44: 16119 | FP44: 13709 | FQ44: 17806 | FR44: 16136 | FS44: 17263 | FT44: 15300 | FU44: 13451 | FV44: 15418 | FW44: 13704 | FX44: 16255 | FY44: 16620 | FZ44: 15227 | GA44: 18185 | GB44: 18088 | GC44: 17505 | GD44: 16702 | GE44: 16273 | GF44: 14609 | GG44: 16301 | GH44: 16129 | GI44: 15815 | GJ44: 17918 | GK44: 14803 | GL44: 13918
A45: Country Club/Main St | CD45: 4861 | CE45: 21272 | CF45: 24755 | CG45: 20894 | CH45: 24281 | CI45: 22565 | CJ45: 23801 | CK45: 26836 | CL45: 23762 | CM45: 23426 | CN45: 23586 | CO45: 21898 | CP45: 26085 | CQ45: 24225 | CR45: 25438 | CS45: 21741 | CT45: 23811 | CU45: 25030 | CV45: 24504 | CW45: 28720 | CX45: 25869 | CY45: 27151 | CZ45: 25668 | DA45: 23241 | DB45: 27482 | DC45: 23747 | DD45: 27342 | DE45: 22620 | DF45: 24250 | DG45: 26113 | DH45: 23936 | DI45: 26815 | DJ45: 25094 | DK45: 25971 | DL45: 24387 | DM45: 23872 | DN45: 27787 | DO45: 23094 | DP45: 29124 | DQ45: 26240 | DR45: 24158 | DS45: 27195 | DT45: 24229 | DU45: 24419 | DV45: 24793 | DW45: 26049 | DX45: 23228 | DY45: 25089 | DZ45: 25480 | EA45: 24808 | EB45: 29989 | EC45: 25533 | ED45: 24688 | EE45: 26608 | EF45: 25059 | EG45: 22727 | EH45: 15684 | EI45: 14279 | EJ45: 14641 | EK45: 13090 | EL45: 12042 | EM45: 12595 | EN45: 13115 | EO45: 11939 | EP45: 9426 | EQ45: 5339 | ER45: 9710 | ES45: 11430 | ET45: 12197 | EU45: 10830 | EV45: 12285 | EW45: 11516 | EX45: 12367 | EY45: 12901 | EZ45: 13094 | FA45: 13657 | FB45: 12980 | FC45: 12085 | FD45: 14600 | FE45: 17491 | FF45: 15968 | FG45: 15434 | FH45: 13931 | FI45: ='Average Weekday Boardings'!FI45*20 -> 12465 | FJ45: ='Average Weekday Boardings'!FJ45*23 -> 15124 | FK45: ='Average Weekday Boardings'!FK45*21 -> 14755 | FL45: 14885 | FM45: 13699 | FN45: 13590 | FO45: 14119 | FP45: 12439 | FQ45: 16594 | FR45: 15003 | FS45: 16385 | FT45: 15045 | FU45: 12673 | FV45: 14360 | FW45: 12874 | FX45: 15165 | FY45: 14779 | FZ45: 13762 | GA45: 16002 | GB45: 16450 | GC45: 15593 | GD45: 14884 | GE45: 14676 | GF45: 13106 | GG45: 14292 | GH45: 14031 | GI45: 13727 | GJ45: 15218 | GK45: 13382 | GL45: 13087
A46: Center/Main St | CD46: 2169 | CE46: 9090 | CF46: 9348 | CG46: 7897 | CH46: 10117 | CI46: 8330 | CJ46: 9019 | CK46: 10575 | CL46: 9324 | CM46: 9034 | CN46: 8865 | CO46: 8317 | CP46: 9556 | CQ46: 9275 | CR46: 9921 | CS46: 9290 | CT46: 10671 | CU46: 9892 | CV46: 9769 | CW46: 11523 | CX46: 10396 | CY46: 10376 | CZ46: 9940 | DA46: 9260 | DB46: 11327 | DC46: 9637 | DD46: 10836 | DE46: 9321 | DF46: 9867 | DG46: 10424 | DH46: 9413 | DI46: 11431 | DJ46: 10002 | DK46: 9880 | DL46: 9509 | DM46: 9142 | DN46: 10723 | DO46: 9082 | DP46: 11038 | DQ46: 10276 | DR46: 9239 | DS46: 10337 | DT46: 9388 | DU46: 9789 | DV46: 9872 | DW46: 10151 | DX46: 9635 | DY46: 10387 | DZ46: 11349 | EA46: 11024 | EB46: 13200 | EC46: 11354 | ED46: 10699 | EE46: 11973 | EF46: 11426 | EG46: 10318 | EH46: 6278 | EI46: 5478 | EJ46: 5311 | EK46: 4776 | EL46: 4815 | EM46: 5097 | EN46: 5625 | EO46: 4504 | EP46: 4012 | EQ46: 2286 | ER46: 4077 | ES46: 4995 | ET46: 4989 | EU46: 3965 | EV46: 4768 | EW46: 4308 | EX46: 5028 | EY46: 5194 | EZ46: 5751 | FA46: 6157 | FB46: 5978 | FC46: 5149 | FD46: 6171 | FE46: 7731 | FF46: 6803 | FG46: 6315 | FH46: 6067 | FI46: ='Average Weekday Boardings'!FI46*20 -> 5708 | FJ46: ='Average Weekday Boardings'!FJ46*23 -> 7149 | FK46: ='Average Weekday Boardings'!FK46*21 -> 7505 | FL46: 7298 | FM46: 7000 | FN46: 7018 | FO46: 7307 | FP46: 6196 | FQ46: 8447 | FR46: 7845 | FS46: 7938 | FT46: 7136 | FU46: 6207 | FV46: 7405 | FW46: 7257 | FX46: 7990 | FY46: 7769 | FZ46: 6829 | GA46: 7610 | GB46: 8597 | GC46: 8313 | GD46: 8268 | GE46: 8021 | GF46: 6487 | GG46: 7710 | GH46: 8082 | GI46: 8229 | GJ46: 9625 | GK46: 8204 | GL46: 8219
A47: Mesa Dr/Main St | CD47: 14976 | CE47: 47970 | CF47: 49993 | CG47: 40580 | CH47: 47596 | CI47: 44987 | CJ47: 50148 | CK47: 57415 | CL47: 51910 | CM47: 44656 | CN47: 48807 | CO47: 43699 | CP47: 53712 | CQ47: 49450 | CR47: 48503 | CS47: 45014 | CT47: 48454 | CU47: 49938 | CV47: 49682 | CW47: 58143 | CX47: 49375 | CY47: 53007 | CZ47: 48809 | DA47: 43961 | DB47: 57325 | DC47: 50824 | DD47: 55407 | DE47: 44034 | DF47: 50505 | DG47: 50873 | DH47: 47980 | DI47: 56859 | DJ47: 54316 | DK47: 49803 | DL47: 44209 | DM47: 44335 | DN47: 54516 | DO47: 46366 | DP47: 54697 | DQ47: 52072 | DR47: 49042 | DS47: 57968 | DT47: 50933 | DU47: 53945 | DV47: 55584 | DW47: 39741 | DX47: 16041 | DY47: 16770 | DZ47: 17395 | EA47: 18363 | EB47: 21228 | EC47: 18139 | ED47: 21190 | EE47: 18999 | EF47: 18409 | EG47: 15319 | EH47: 9983 | EI47: 8788 | EJ47: 8425 | EK47: 7905 | EL47: 7906 | EM47: 8097 | EN47: 8765 | EO47: 7836 | EP47: 6470 | EQ47: 3291 | ER47: 6399 | ES47: 8059 | ET47: 7797 | EU47: 6350 | EV47: 7782 | EW47: 7537 | EX47: 8776 | EY47: 9046 | EZ47: 10219 | FA47: 10943 | FB47: 11403 | FC47: 8291 | FD47: 10106 | FE47: 13005 | FF47: 12815 | FG47: 10879 | FH47: 9829 | FI47: ='Average Weekday Boardings'!FI47*20 -> 9727 | FJ47: ='Average Weekday Boardings'!FJ47*23 -> 12237 | FK47: ='Average Weekday Boardings'!FK47*21 -> 12091 | FL47: 12034 | FM47: 12485 | FN47: 16657 | FO47: 13843 | FP47: 10148 | FQ47: 13631 | FR47: 12496 | FS47: 12170 | FT47: 10948 | FU47: 10333 | FV47: 11832 | FW47: 11017 | FX47: 12201 | FY47: 11424 | FZ47: 12461 | GA47: 12223 | GB47: 11897 | GC47: 15913 | GD47: 11620 | GE47: 10613 | GF47: 9861 | GG47: 10479 | GH47: 10748 | GI47: 10660 | GJ47: 12332 | GK47: 9844 | GL47: 12979
A48: Stapley/Main St | DW48: 3372 | DX48: 8155 | DY48: 9464 | DZ48: 10069 | EA48: 9853 | EB48: 12473 | EC48: 10817 | ED48: 10135 | EE48: 11963 | EF48: 11515 | EG48: 11309 | EH48: 8022 | EI48: 6728 | EJ48: 7151 | EK48: 6604 | EL48: 6254 | EM48: 6439 | EN48: 7108 | EO48: 6045 | EP48: 5318 | EQ48: 3059 | ER48: 5463 | ES48: 2594 | ET48: 6009 | EU48: 5193 | EV48: 6012 | EW48: 5802 | EX48: 6039 | EY48: 6591 | EZ48: 7150 | FA48: 7200 | FB48: 7098 | FC48: 6937 | FD48: 9026 | FE48: 10533 | FF48: 9436 | FG48: 8282 | FH48: 7447 | FI48: ='Average Weekday Boardings'!FI48*20 -> 7123 | FJ48: ='Average Weekday Boardings'!FJ48*23 -> 8857 | FK48: ='Average Weekday Boardings'!FK48*21 -> 7970 | FL48: 7925 | FM48: 8236 | FN48: 8762 | FO48: 9155 | FP48: 7432 | FQ48: 10525 | FR48: 9332 | FS48: 9307 | FT48: 9014 | FU48: 8774 | FV48: 10108 | FW48: 8914 | FX48: 9909 | FY48: 8676 | FZ48: 7869 | GA48: 9272 | GB48: 9578 | GC48: 8446 | GD48: 8585 | GE48: 8394 | GF48: 8294 | GG48: 9599 | GH48: 10472 | GI48: 9739 | GJ48: 10791 | GK48: 8354 | GL48: 7887
A49: Gilbert Rd/Main St | DW49: 17473 | DX49: 38678 | DY49: 43364 | DZ49: 44723 | EA49: 43476 | EB49: 47088 | EC49: 43760 | ED49: 44766 | EE49: 51407 | EF49: 50230 | EG49: 21882 | EH49: 15616 | EI49: 14433 | EJ49: 15231 | EK49: 14594 | EL49: 14709 | EM49: 13728 | EN49: 13576 | EO49: 26884 | EP49: 6887 | EQ49: 5696 | ER49: 12082 | ES49: 10120 | ET49: 26884 | EU49: 22607 | EV49: 27745 | EW49: 25795 | EX49: 29174 | EY49: 28549 | EZ49: 28241 | FA49: 28235 | FB49: 27813 | FC49: 27442 | FD49: 31878 | FE49: 37117 | FF49: 32271 | FG49: 28330 | FH49: 26962 | FI49: ='Average Weekday Boardings'!FI49*20 -> 26275 | FJ49: ='Average Weekday Boardings'!FJ49*23 -> 30674 | FK49: ='Average Weekday Boardings'!FK49*21 -> 29805 | FL49: 28361 | FM49: 27759 | FN49: 27931 | FO49: 30634 | FP49: 10700 | FQ49: 39550 | FR49: 33932 | FS49: 33932 | FT49: 29553 | FU49: 28989 | FV49: 33044 | FW49: 29089 | FX49: 35482 | FY49: 33164 | FZ49: 31944 | GA49: 34558 | GB49: 38402 | GC49: 34588 | GD49: 38403 | GE49: 35407 | GF49: 29777 | GG49: 38242 | GH49: 41497 | GI49: 40836 | GJ49: 45065 | GK49: 36741 | GL49: 40124
A50: Total Weekday Boardings (System): | C50: =SUM(C10:C43) -> 612339 | D50: =SUM(D10:D43) -> 705534 | E50: =SUM(E10:E43) -> 756271 | F50: =SUM(F10:F43) -> 822482 | G50: =SUM(G10:G43) -> 671065 | H50: =SUM(H10:H43) -> 648320 | I50: =SUM(I10:I43) -> 584201 | J50: =SUM(J10:J43) -> 695335 | ... CC50: =SUM(CC10:CC43) -> 756940 | CD50: =SUM(CD10:CD47) -> 898581 | CE50: =SUM(CE10:CE47) -> 1071404 | CF50: =SUM(CF10:CF47) -> 1110447 | CG50: =SUM(CG10:CG47) -> 899218 | CH50: =SUM(CH10:CH47) -> 911335 | CI50: =SUM(CI10:CI47) -> 917497 | CJ50: =SUM(CJ10:CJ47) -> 992955 | CK50: =SUM(CK7:CK47) -> 1127343 | CL50: =SUM(CL7:CL47) -> 1132022 | CM50: =SUM(CM7:CM47) -> 998516 | CN50: =SUM(CN7:CN47) -> 998099 | CO50: =SUM(CO7:CO47) -> 860040 | CP50: =SUM(CP7:CP47) -> 1138693 | CQ50: =SUM(CQ7:CQ47) -> 1113394 | CR50: =SUM(CR7:CR47) -> 1098342 | ... DV50: =SUM(DV7:DV47) -> 943919 | DW50: =SUM(DW7:DW49) -> 945282 | DX50: =SUM(DX7:DX49) -> 830113 | DY50: =SUM(DY7:DY49) -> 850516 | DZ50: =SUM(DZ7:DZ49) -> 987646 | EA50: =SUM(EA7:EA49) -> 985371 | EB50: =SUM(EB7:EB49) -> 1128133 | EC50: =SUM(EC7:EC49) -> 974559 | ED50: =SUM(ED7:ED49) -> 909254 | EE50: =SUM(EE7:EE49) -> 1013717 | EF50: 983709 | EG50: 751056 | EH50: 452164 | EI50: 406174 | EJ50: 421341 | EK50: 403638 | EL50: 391521 | EM50: 405757 | EN50: 432822 | EO50: 424626 | EP50: 321325 | EQ50: 171398 | ER50: 334054 | ES50: 398664 | ET50: 460011 | EU50: 424626 | EV50: 432363 | EW50: 409579 | EX50: 482127 | EY50: 513932 | EZ50: 521693 | FA50: 533680 | FB50: 496139 | FC50: 461544 | FD50: 564947 | FE50: 673923 | FF50: 673923 | FG50: 545544 | FH50: 466632 | FI50: 440138 | FJ50: 582585 | FK50: 607880 | FL50: 585091 | FM50: 562954 | FN50: 529484 | FO50: 601603 | FP50: 525434 | FQ50: 713927 | FR50: 649420 | FS50: 657686 | FT50: 576265 | FU50: =SUM(FU7:FU49) -> 512856 | FV50: =SUM(FV7:FV49) -> 641095 | FW50: =SUM(FW7:FW49) -> 583806 | FX50: =SUM(FX7:FX49) -> 708724 | FY50: =SUM(FY7:FY49) -> 644706 | FZ50: =SUM(FZ7:FZ49) -> 559761 | GA50: =SUM(GA4:GA49) -> 659060 | GB50: =SUM(GB4:GB49) -> 713990 | GC50: =SUM(GC4:GC49) -> 673675 | GD50: =SUM(GD4:GD49) -> 680248 | GE50: =SUM(GE4:GE49) -> 648456 | GF50: =SUM(GF4:GF49) -> 543415 | GG50: =SUM(GG4:GG49) -> 585224 | GH50: =SUM(GH4:GH49) -> 668056 | ... GL50: =SUM(GL4:GL49) -> 581767
A51: Fiscal Year Monthly Average (System): | B51: =AVERAGE(C50:H50) -> 702668.5 | I51: =AVERAGE(I50:T50) -> 805152.33 | U51: =AVERAGE(U50:AF50) -> 836642.33 | AG51: =AVERAGE(AG50:AR50) -> 871915.92 | AS51: =AVERAGE(AS50:BD50) -> 920793.33 | BE51: =AVERAGE(BE50:BP50) -> 916705.75 | BQ51: =AVERAGE(BQ50:CB50) -> 904534.92 | CC51: =AVERAGE(CC50:CN50) -> 984529.75 | CO51: =AVERAGE(CO50:CZ50) -> 1040087.2 | DA51: =AVERAGE(DA50:DL50) -> 997766.25 | DM51: =AVERAGE(DM50:DX50) -> 958980.83 | DY51: =AVERAGE(DY50:EJ50) -> 821970 | EK51: =AVERAGE(EK50:EV50) -> 383400.42 | EW51: =AVERAGE(EW50:FH50) -> 528638.58 | FI51: 586038.92 | FU51: =AVERAGE(FU50:GA50) -> 615715.43
EP52: *Data errors Dec20/Jan21
FO55: 44949 | FP55: 44980 | FQ55: 45008 | FR55: 45039 | FS55: 45069 | FT55: 45100 | FU55: 45130 | FV55: 45161 | FW55: 45192 | FX55: 45222 | FY55: 45253 | FZ55: 45283 | GA55: 45315 | GB55: 45345 | GC55: 45374 | GD55: 45405 | GE55: 45435 | GF55: 45466 | GG55: 45496 | GH55: 45527 | GI55: 45559 | GJ55: 45590 | GK55: 45622 | GL55: 45653
A56: Marina Heights / Rio Salado | FO56: 3290 | FP56: 2485.4559 | FQ56: 4138 | FR56: 3493 | FS56: 4068 | FT56: 3553 | FU56: 2957 | FV56: 4299 | FW56: 3366 | FX56: 3871 | FY56: 3564 | FZ56: 2936 | GA56: 3197 | GB56: 3534 | GC56: 2443.5901 | GD56: 3787 | GE56: 3351 | GF56: 2719 | GG56: 3198 | GH56: 3271 | GI56: 3836 | GJ56: 4457 | GK56: 2888 | GL56: 2670
A57: Hayden Ferry / Rio Salado | FO57: 1462 | FP57: 1092.0628 | FQ57: 1705 | FR57: 1390 | FS57: 1616 | FT57: 1935 | FU57: 1631 | FV57: 1859 | FW57: 1611 | FX57: 1058 | FY57: 875 | FZ57: 571 | GA57: 941 | GB57: 912 | GC57: 758.78274 | GD57: 931 | GE57: 566 | GF57: 607 | GG57: 880 | GH57: 738 | GI57: 948 | GJ57: 931 | GK57: 780 | GL57: 731
A58: Tempe Beach Park / Rio Salado Pkwy | FO58: 620 | FP58: 492.51927 | FQ58: 777 | FR58: 692 | FS58: 819 | FT58: 821 | FU58: 593 | FV58: 942 | FW58: 785 | FX58: 772 | FY58: 589 | FZ58: 400 | GA58: 601 | GB58: 501 | GC58: 579.15254 | GD58: 760 | GE58: 878 | GF58: 354 | GG58: 779 | GH58: 771 | GI58: 881 | GJ58: 791 | GK58: 188 | GL58: 434
A59: Third St / Ash | FO59: 402 | FP59: 428.09692 | FQ59: 651 | FR59: 484 | FS59: 535 | FT59: 623 | FU59: 516 | FV59: 911 | FW59: 712 | FX59: 657 | FY59: 614 | FZ59: 339 | GA59: 577 | GB59: 1362 | GC59: 529.59938 | GD59: 639 | GE59: 93 | GF59: 993 | GG59: 3781 | GH59: 3726 | GI59: 2990 | GJ59: 663 | GK59: 1010 | GL59: 563
A60: Fifth St / Ash | FO60: 746 | FP60: 673.31748 | FQ60: 841 | FR60: 922 | FS60: 862 | FT60: 922 | FU60: 692 | FV60: 1358 | FW60: 1450 | FX60: 1234 | FY60: 1174 | FZ60: 590 | GA60: 1155 | GB60: 1336 | GC60: 1122.1726 | GD60: 1402 | GE60: 717 | GF60: 509 | GG60: 649 | GH60: 932 | GI60: 1422 | GJ60: 1294 | GK60: 936 | GL60: 673
A61: University Dr / Ash | FO61: 1070 | FP61: 1032.8358 | FQ61: 1391 | FR61: 1308 | FS61: 1282 | FT61: 1248 | FU61: 1033 | FV61: 1945 | FW61: 2128 | FX61: 2164 | FY61: 1965 | FZ61: 827 | GA61: 1614 | GB61: 1664 | GC61: 1737.4576 | GD61: 1878 | GE61: 949 | GF61: 757 | GG61: 995 | GH61: 1417 | GI61: 1893 | GJ61: 1798 | GK61: 1523 | GL61: 1086
A62: Ninth St / Mill | FO62: 5060 | FP62: 4464.8846 | FQ62: 6380 | FR62: 6267 | FS62: 3876 | FT62: 3308 | FU62: 2573 | FV62: 6783 | FW62: 7578 | FX62: 7100 | FY62: 7521 | FZ62: 3321 | GA62: 5642 | GB62: 6385 | GC62: 5151.4638 | GD62: 6816 | GE62: 3249 | GF62: 1932 | GG62: 2198 | GH62: 5209 | GI62: 8008 | GJ62: 7582 | GK62: 6504 | GL62: 4394
A63: Eleventh St / Mill | FO63: 3885 | FP63: 3512.0572 | FQ63: 4887 | FR63: 5100 | FS63: 1965 | FT63: 1967 | FU63: 1527 | FV63: 5653 | FW63: 7381 | FX63: 6794 | FY63: 6590 | FZ63: 1744 | GA63: 5095 | GB63: 5696 | GC63: 4711.6795 | GD63: 6055 | GE63: 1339 | GF63: 1011 | GG63: 1107 | GH63: 3388 | GI63: 6698 | GJ63: 6201 | GK63: 5167 | GL63: 2901
A64: College Ave / Apache | FO64: 7189 | FP64: 7046.974 | FQ64: 8035 | FR64: 8168 | FS64: 3432 | FT64: 2640 | FU64: 2485 | FV64: 9913 | FW64: 11902 | FX64: 10231 | FY64: 8887 | FZ64: 2697 | GA64: 8540 | GB64: 9135 | GC64: 6848.6595 | GD64: 8812 | GE64: 2382 | GF64: 2007 | GG64: 2460 | GH64: 6776 | GI64: 12873 | GJ64: 11349 | GK64: 8936 | GL64: 4899
A65: Paseo Del Saber / Apache | FO65: 7713 | FP65: 7215.3034 | FQ65: 10393 | FR65: 11083 | FS65: 4130 | FT65: 2775 | FU65: 1801 | FV65: 10281 | FW65: 13794 | FX65: 10780 | FY65: 10401 | FZ65: 2810 | GA65: 7896 | GB65: 9281 | GC65: 7280.1849 | GD65: 10240 | GE65: 2745 | GF65: 1124 | GG65: 1237 | GH65: 6362 | GI65: 11265 | GJ65: 10834 | GK65: 9030 | GL65: 4554
A66: Rural / Apache | FO66: 9067 | FP66: 7528.0635 | FQ66: 10626 | FR66: 11571 | FS66: 7054 | FT66: 4933 | FU66: 4563 | FV66: 12067 | FW66: 15152 | FX66: 13862 | FY66: 13006 | FZ66: 4941 | GA66: 10270 | GB66: 11994 | GC66: 9673.1895 | GD66: 12603 | GE66: 5717 | GF66: 3432 | GG66: 3629 | GH66: 8074 | GI66: 13413 | GJ66: 13291 | GK66: 10459 | GL66: 6205
A67: Dorsey Ln / Apache | FO67: 7816 | FP67: 6585.6269 | FQ67: 9638 | FR67: 8609 | FS67: 6410 | FT67: 5430 | FU67: 4776 | FV67: 12577 | FW67: 14168 | FX67: 12927 | FY67: 12839 | FZ67: 5805 | GA67: 10878 | GB67: 11537 | GC67: 8626.379 | GD67: 10586 | GE67: 5422 | GF67: 4275 | GG67: 4675 | GH67: 9625 | GI67: 14773 | GJ67: 14302 | GK67: 11486 | GL67: 7842
... A69: Third St / Mill | FO69: 370 | FP69: 291.97872 | FQ69: 536 | FR69: 447 | FS69: 587 | FT69: 643 | FU69: 549 | FV69: 722 | FW69: 458 | FX69: 426 | FY69: 582 | FZ69: 388 | GA69: 489 | GB69: 457 | GC69: 331.38675 | GD69: 532 | GE69: 412 | GF69: 425 | GG69: 505 | GH69: 397 | GI69: 456 | GJ69: 555 | GK69: 462 | GL69: 432
A70: Average | FO70: =SUM(FO56:FO69) -> 49281 | FP70: =SUM(FP56:FP69) -> 43270 | FQ70: =SUM(FQ56:FQ69) -> 60591 | FR70: =SUM(FR56:FR69) -> 60117 | FS70: =SUM(FS56:FS69) -> 37391 | FT70: =SUM(FT56:FT69) -> 31654 | FU70: =SUM(FU56:FU69) -> 26372 | FV70: =SUM(FV56:FV69) -> 70244 | ... GL70: =SUM(GL56:GL69) -> 37729

Sheet Total Saturday Boardings
A1: Total Saturday Boardings by Station
B2: Fiscal Year 2009 | I2: Fiscal Year 2010 | U2: Fiscal Year 2011 | AG2: Fiscal Year 2012 | AS2: Fiscal Year 2013 | BE2: Fiscal Year 2014 | BQ2: Fiscal Year 2015 | CC2: Fiscal Year 2016 | CO2: Fiscal Year 2017 | DA2: Fiscal Year 2018 | DM2: Fiscal Year 2019 | DY2: Fiscal Year 2020 | EK2: Fiscal Year 2021 | EW2: Fiscal Year 2022 | FI2: Fiscal Year 2023 | FU2: Fiscal Year 2024
